well,protocol,A600,A700,mhYFP,mRaspberry,date,bacterium,strain,plasmid,promoter,code,biorep,antibiotic,mhYFP_by_A600,mRas_by_A600
A1,PRT14_6,0.8116666666666666,0.71175,544.25,87.66666666666674,2024_08_09,Escherichia coli K12 MG1655,WT,pBR322,None,pTORC1,1,Ampicillin,670.5338809034907,108.0082135523615
A2,PRT14_6,0.8006666666666666,0.70775,527.25,95.66666666666674,2024_08_09,Escherichia coli K12 MG1655,WT,pBR322,None,pTORC1,2,Ampicillin,658.5137385512073,119.48376353039144
A3,PRT14_6,0.8076666666666666,0.70875,537.25,98.66666666666674,2024_08_09,Escherichia coli K12 MG1655,WT,pBR322,None,pTORC1,3,Ampicillin,665.1877837391663,122.16260833677268
A4,PRT14_6,0.7886666666666666,0.69275,492.25,102.66666666666674,2024_08_09,Escherichia coli K12 MG1655,WT,pBR322,None,pTORC1,4,Ampicillin,624.1546914623838,130.1775147928995
A5,PRT14_6,0.8166666666666667,0.71875,9833.25,101.66666666666674,2024_08_09,Escherichia coli K12 MG1655,WT,pBR322 PleuWT.1min mhYFP-SalOpt lacO1.1 lacO1.2,PleuWT.1min mhYFP,pTORC49,1,Ampicillin,12040.714285714286,124.48979591836743
A6,PRT14_6,0.8096666666666666,0.71075,9550.25,74.66666666666674,2024_08_09,Escherichia coli K12 MG1655,WT,pBR322 PleuWT.1min mhYFP-SalOpt lacO1.1 lacO1.2,PleuWT.1min mhYFP,pTORC49,2,Ampicillin,11795.28612597777,92.21902017291076
A7,PRT14_6,0.8146666666666668,0.71975,12783.25,109.66666666666674,2024_08_09,Escherichia coli K12 MG1655,WT,pBR322 PleuWT.1min mhYFP-SalOpt lacO1.1 lacO1.2,PleuWT.1min mhYFP,pTORC49,3,Ampicillin,15691.387070376431,134.6153846153847
A8,PRT14_6,0.7846666666666666,0.68875,10670.25,105.66666666666674,2024_08_09,Escherichia coli K12 MG1655,WT,pBR322 PleuWT.1min mhYFP-SalOpt lacO1.1 lacO1.2,PleuWT.1min mhYFP,pTORC49,4,Ampicillin,13598.449447748511,134.66440101954132
A9,PRT14_6,0.7246666666666667,0.6457499999999999,43471.25,107.66666666666674,2024_08_09,Escherichia coli K12 MG1655,WT,pBR322 PleuWT.1minRBS mhYFP-SalOpt lacO1.1 lacO1.2,PleuWT.1minRBS mhYFP,pTORC50,1,Ampicillin,59987.92548298068,148.5740570377186
A10,PRT14_6,0.8356666666666667,0.7437499999999999,46239.25,100.66666666666674,2024_08_09,Escherichia coli K12 MG1655,WT,pBR322 PleuWT.1minRBS mhYFP-SalOpt lacO1.1 lacO1.2,PleuWT.1minRBS mhYFP,pTORC50,2,Ampicillin,55332.169924212205,120.4627044276028
A11,PRT14_6,0.8116666666666666,0.71875,50082.25,110.66666666666674,2024_08_09,Escherichia coli K12 MG1655,WT,pBR322 PleuWT.1minRBS mhYFP-SalOpt lacO1.1 lacO1.2,PleuWT.1minRBS mhYFP,pTORC50,3,Ampicillin,61702.97741273101,136.3449691991787
A12,PRT14_6,0.8396666666666667,0.7437499999999999,42993.25,97.66666666666674,2024_08_09,Escherichia coli K12 MG1655,WT,pBR322 PleuWT.1minRBS mhYFP-SalOpt lacO1.1 lacO1.2,PleuWT.1minRBS mhYFP,pTORC50,4,Ampicillin,51202.75903136165,116.31599841206835
B1,PRT14_6,0.8036666666666666,0.69975,566.25,4909.666666666667,2024_08_09,Escherichia coli K12 MG1655,WT,pBR322 PleuWT.1min mRaspberry-SalOpt lacO1.1 lacO1.2,PleuWT.1min mRaspberry,pTORC63,1,Ampicillin,704.5831605143094,6109.0833678971385
B2,PRT14_6,0.8076666666666666,0.70275,552.25,5093.666666666667,2024_08_09,Escherichia coli K12 MG1655,WT,pBR322 PleuWT.1min mRaspberry-SalOpt lacO1.1 lacO1.2,PleuWT.1min mRaspberry,pTORC63,2,Ampicillin,683.759801898473,6306.644655385886
B3,PRT14_6,0.7966666666666666,0.69175,573.25,5104.666666666667,2024_08_09,Escherichia coli K12 MG1655,WT,pBR322 PleuWT.1min mRaspberry-SalOpt lacO1.1 lacO1.2,PleuWT.1min mRaspberry,pTORC63,3,Ampicillin,719.560669456067,6407.531380753138
B4,PRT14_6,0.7926666666666666,0.68775,500.25,4984.666666666667,2024_08_09,Escherichia coli K12 MG1655,WT,pBR322 PleuWT.1min mRaspberry-SalOpt lacO1.1 lacO1.2,PleuWT.1min mRaspberry,pTORC63,4,Ampicillin,631.0975609756098,6288.477712363331
B5,PRT14_6,0.6356666666666666,0.5227499999999999,684.25,19523.666666666668,2024_08_09,Escherichia coli K12 MG1655,WT,pBR322 PleuWT.1minRBS mRaspberry-SalOpt lacO1.1 lacO1.2,PleuWT.1minRBS mRaspberry,pTORC64,1,Ampicillin,1076.4289459884635,30713.686418458317
B6,PRT14_6,0.7686666666666666,0.6277499999999999,621.25,37137.666666666664,2024_08_09,Escherichia coli K12 MG1655,WT,pBR322 PleuWT.1minRBS mRaspberry-SalOpt lacO1.1 lacO1.2,PleuWT.1minRBS mRaspberry,pTORC64,2,Ampicillin,808.2176929748483,48314.39722463139
B7,PRT14_6,0.6576666666666666,0.55575,624.25,12464.666666666666,2024_08_09,Escherichia coli K12 MG1655,WT,pBR322 PleuWT.1minRBS mRaspberry-SalOpt lacO1.1 lacO1.2,PleuWT.1minRBS mRaspberry,pTORC64,3,Ampicillin,949.1890522047644,18952.863659401926
B8,PRT14_6,0.68966666666666665,0.56375,483.25,35442.666666666664,2024_08_09,Escherichia coli K12 MG1655,WT,pBR322 PleuWT.1minRBS mRaspberry-SalOpt lacO1.1 lacO1.2,PleuWT.1minRBS mRaspberry,pTORC64,4,Ampicillin,700.7008216529724,51391.01014983083
B9,PRT14_6,0.6076666666666666,0.5307499999999999,11456.25,72.66666666666674,2024_08_09,Escherichia coli K12 MG1655,WT,pBR322 PleuWT.1 mhYFP-SalOpt lacO1.1 lacO1.2,PleuWT.1 mhYFP,pTORC65,1,Ampicillin,18852.85244103127,119.5831047723534
B10,PRT14_6,0.5726666666666667,0.5067499999999999,9297.25,86.66666666666674,2024_08_09,Escherichia coli K12 MG1655,WT,pBR322 PleuWT.1 mhYFP-SalOpt lacO1.1 lacO1.2,PleuWT.1 mhYFP,pTORC65,2,Ampicillin,16235.01164144354,151.338766006985
B11,PRT14_6,0.6136666666666666,0.53975,9865.25,90.66666666666674,2024_08_09,Escherichia coli K12 MG1655,WT,pBR322 PleuWT.1 mhYFP-SalOpt lacO1.1 lacO1.2,PleuWT.1 mhYFP,pTORC65,3,Ampicillin,16075.909831613257,147.7457903313418
B12,PRT14_6,0.7286666666666666,0.6357499999999999,14001.25,83.66666666666674,2024_08_09,Escherichia coli K12 MG1655,WT,pBR322 PleuWT.1 mhYFP-SalOpt lacO1.1 lacO1.2,PleuWT.1 mhYFP,pTORC65,4,Ampicillin,19214.89021043001,114.821591948765
C1,PRT14_6,0.7046666666666667,0.59475,635.25,104.66666666666674,2024_08_09,Escherichia coli K12 MG1655,ΔtopA::cat,pBR322,None,pTORC1,1,Ampicillin,901.4900662251656,148.53358561967843
C2,PRT14_6,0.7026666666666667,0.60575,928.25,80.66666666666674,2024_08_09,Escherichia coli K12 MG1655,ΔtopA::cat,pBR322,None,pTORC1,2,Ampicillin,1321.03889943074,114.80075901328284
C3,PRT14_6,0.7026666666666667,0.6107499999999999,957.25,92.66666666666674,2024_08_09,Escherichia coli K12 MG1655,ΔtopA::cat,pBR322,None,pTORC1,3,Ampicillin,1362.3102466793168,131.87855787476292
C4,PRT14_6,0.6806666666666666,0.58975,1027.25,98.66666666666674,2024_08_09,Escherichia coli K12 MG1655,ΔtopA::cat,pBR322,None,pTORC1,4,Ampicillin,1509.1821743388834,144.95592556317348
C5,PRT14_6,0.6336666666666666,0.5237499999999999,7605.25,93.66666666666674,2024_08_09,Escherichia coli K12 MG1655,ΔtopA::cat,pBR322 PleuWT.1min mhYFP-SalOpt lacO1.1 lacO1.2,PleuWT.1min mhYFP,pTORC49,1,Ampicillin,12001.972645975804,147.8169384534457
C6,PRT14_6,0.6646666666666666,0.56675,6177.25,88.66666666666674,2024_08_09,Escherichia coli K12 MG1655,ΔtopA::cat,pBR322 PleuWT.1min mhYFP-SalOpt lacO1.1 lacO1.2,PleuWT.1min mhYFP,pTORC49,2,Ampicillin,9293.75626880642,133.40020060180555
C7,PRT14_6,0.6926666666666667,0.59075,6329.25,92.66666666666674,2024_08_09,Escherichia coli K12 MG1655,ΔtopA::cat,pBR322 PleuWT.1min mhYFP-SalOpt lacO1.1 lacO1.2,PleuWT.1min mhYFP,pTORC49,3,Ampicillin,9137.512030798844,133.78248315688174
C8,PRT14_6,0.6766666666666666,0.57675,6853.25,83.66666666666674,2024_08_09,Escherichia coli K12 MG1655,ΔtopA::cat,pBR322 PleuWT.1min mhYFP-SalOpt lacO1.1 lacO1.2,PleuWT.1min mhYFP,pTORC49,4,Ampicillin,10127.95566502463,123.64532019704446
C9,PRT14_6,0.7336666666666666,0.6247499999999999,45044.25,87.66666666666674,2024_08_09,Escherichia coli K12 MG1655,ΔtopA::cat,pBR322 PleuWT.1minRBS mhYFP-SalOpt lacO1.1 lacO1.2,PleuWT.1minRBS mhYFP,pTORC50,1,Ampicillin,61396.06996819628,119.4911403907316
C10,PRT14_6,0.6656666666666666,0.57475,42604.25,95.66666666666674,2024_08_09,Escherichia coli K12 MG1655,ΔtopA::cat,pBR322 PleuWT.1minRBS mhYFP-SalOpt lacO1.1 lacO1.2,PleuWT.1minRBS mhYFP,pTORC50,2,Ampicillin,64002.37856785178,143.7155733600402
C11,PRT14_6,0.6366666666666666,0.54975,42124.25,87.66666666666674,2024_08_09,Escherichia coli K12 MG1655,ΔtopA::cat,pBR322 PleuWT.1minRBS mhYFP-SalOpt lacO1.1 lacO1.2,PleuWT.1minRBS mhYFP,pTORC50,3,Ampicillin,66163.74345549739,137.69633507853416
C12,PRT14_6,0.6366666666666666,0.55075,42825.25,83.66666666666674,2024_08_09,Escherichia coli K12 MG1655,ΔtopA::cat,pBR322 PleuWT.1minRBS mhYFP-SalOpt lacO1.1 lacO1.2,PleuWT.1minRBS mhYFP,pTORC50,4,Ampicillin,67264.79057591624,131.41361256544516
D1,PRT14_6,0.7086666666666667,0.59875,635.25,3736.666666666667,2024_08_09,Escherichia coli K12 MG1655,ΔtopA::cat,pBR322 PleuWT.1min mRaspberry-SalOpt lacO1.1 lacO1.2,PleuWT.1min mRaspberry,pTORC63,1,Ampicillin,896.4016933207902,5272.812793979304
D2,PRT14_6,0.7616666666666666,0.67975,1072.25,3088.666666666667,2024_08_09,Escherichia coli K12 MG1655,ΔtopA::cat,pBR322 PleuWT.1min mRaspberry-SalOpt lacO1.1 lacO1.2,PleuWT.1min mRaspberry,pTORC63,2,Ampicillin,1407.7680525164114,4055.142231947484
D3,PRT14_6,0.7176666666666667,0.6207499999999999,1042.25,3128.666666666667,2024_08_09,Escherichia coli K12 MG1655,ΔtopA::cat,pBR322 PleuWT.1min mRaspberry-SalOpt lacO1.1 lacO1.2,PleuWT.1min mRaspberry,pTORC63,3,Ampicillin,1452.2758941012542,4359.498374361357
D4,PRT14_6,0.6126666666666666,0.5257499999999999,923.25,2791.666666666667,2024_08_09,Escherichia coli K12 MG1655,ΔtopA::cat,pBR322 PleuWT.1min mRaspberry-SalOpt lacO1.1 lacO1.2,PleuWT.1min mRaspberry,pTORC63,4,Ampicillin,1506.9368879216545,4556.5832426550605
D5,PRT14_6,0.7956666666666666,0.67875,877.25,21934.666666666668,2024_08_09,Escherichia coli K12 MG1655,ΔtopA::cat,pBR322 PleuWT.1minRBS mRaspberry-SalOpt lacO1.1 lacO1.2,PleuWT.1minRBS mRaspberry,pTORC64,1,Ampicillin,1102.5345622119817,27567.65814830331
D6,PRT14_6,0.6836666666666666,0.58575,1172.25,18300.666666666668,2024_08_09,Escherichia coli K12 MG1655,ΔtopA::cat,pBR322 PleuWT.1minRBS mRaspberry-SalOpt lacO1.1 lacO1.2,PleuWT.1minRBS mRaspberry,pTORC64,2,Ampicillin,1714.6513895660653,26768.40565577767
D7,PRT14_6,0.6766666666666666,0.57775,1196.25,18475.666666666668,2024_08_09,Escherichia coli K12 MG1655,ΔtopA::cat,pBR322 PleuWT.1minRBS mRaspberry-SalOpt lacO1.1 lacO1.2,PleuWT.1minRBS mRaspberry,pTORC64,3,Ampicillin,1767.857142857143,27303.94088669951
D8,PRT14_6,0.7166666666666667,0.6117499999999999,885.25,26501.666666666668,2024_08_09,Escherichia coli K12 MG1655,ΔtopA::cat,pBR322 PleuWT.1minRBS mRaspberry-SalOpt lacO1.1 lacO1.2,PleuWT.1minRBS mRaspberry,pTORC64,4,Ampicillin,1235.2325581395348,36979.06976744186
D9,PRT14_6,0.6596666666666666,0.55375,10241.25,80.66666666666674,2024_08_09,Escherichia coli K12 MG1655,ΔtopA::cat,pBR322 PleuWT.1 mhYFP-SalOpt lacO1.1 lacO1.2,PleuWT.1 mhYFP,pTORC65,1,Ampicillin,15524.88630621526,122.28398180899455
D10,PRT14_6,0.6616666666666666,0.56375,8323.25,63.66666666666674,2024_08_09,Escherichia coli K12 MG1655,ΔtopA::cat,pBR322 PleuWT.1 mhYFP-SalOpt lacO1.1 lacO1.2,PleuWT.1 mhYFP,pTORC65,2,Ampicillin,12579.219143576827,96.221662468513955
D11,PRT14_6,0.6196666666666666,0.53375,8325.25,76.66666666666674,2024_08_09,Escherichia coli K12 MG1655,ΔtopA::cat,pBR322 PleuWT.1 mhYFP-SalOpt lacO1.1 lacO1.2,PleuWT.1 mhYFP,pTORC65,3,Ampicillin,13435.045723507264,123.72243141473923
D12,PRT14_6,0.6716666666666666,0.57275,8612.25,76.66666666666674,2024_08_09,Escherichia coli K12 MG1655,ΔtopA::cat,pBR322 PleuWT.1 mhYFP-SalOpt lacO1.1 lacO1.2,PleuWT.1 mhYFP,pTORC65,4,Ampicillin,12822.208436724566,114.1439205955336
E1,PRT14_6,0.8056666666666666,0.69575,1107.25,74.66666666666674,2024_08_09,Escherichia coli K12 MG1655,ΔlacIZYA::FRT ΔtopA::cat,pBR322,None,pTORC1,1,Ampicillin,1374.3276789408358,92.67687215556484
E2,PRT14_6,0.7426666666666666,0.6327499999999999,884.25,59.66666666666674,2024_08_09,Escherichia coli K12 MG1655,ΔlacIZYA::FRT ΔtopA::cat,pBR322,None,pTORC1,2,Ampicillin,1190.641831238779,80.3411131059247
E3,PRT14_6,0.7746666666666666,0.66575,923.25,79.66666666666674,2024_08_09,Escherichia coli K12 MG1655,ΔlacIZYA::FRT ΔtopA::cat,pBR322,None,pTORC1,3,Ampicillin,1191.802925989673,102.83993115318428
E4,PRT14_6,0.7346666666666666,0.6247499999999999,780.25,74.66666666666674,2024_08_09,Escherichia coli K12 MG1655,ΔlacIZYA::FRT ΔtopA::cat,pBR322,None,pTORC1,4,Ampicillin,1062.046279491833,101.6333938294012
E5,PRT14_6,0.8136666666666666,0.70475,14673.25,63.66666666666674,2024_08_09,Escherichia coli K12 MG1655,ΔlacIZYA::FRT ΔtopA::cat,pBR322 PleuWT.1min mhYFP-SalOpt lacO1.1 lacO1.2,PleuWT.1min mhYFP,pTORC49,1,Ampicillin,18033.490372798035,78.24662023760763
E6,PRT14_6,0.7526666666666666,0.6437499999999999,15728.25,49.66666666666674,2024_08_09,Escherichia coli K12 MG1655,ΔlacIZYA::FRT ΔtopA::cat,pBR322 PleuWT.1min mhYFP-SalOpt lacO1.1 lacO1.2,PleuWT.1min mhYFP,pTORC49,2,Ampicillin,20896.700620017717,65.98759964570426
E7,PRT14_6,0.7766666666666666,0.66975,15283.25,71.66666666666674,2024_08_09,Escherichia coli K12 MG1655,ΔlacIZYA::FRT ΔtopA::cat,pBR322 PleuWT.1min mhYFP-SalOpt lacO1.1 lacO1.2,PleuWT.1min mhYFP,pTORC49,3,Ampicillin,19678.004291845496,92.27467811158807
E8,PRT14_6,0.7216666666666667,0.6147499999999999,15092.25,63.66666666666674,2024_08_09,Escherichia coli K12 MG1655,ΔlacIZYA::FRT ΔtopA::cat,pBR322 PleuWT.1min mhYFP-SalOpt lacO1.1 lacO1.2,PleuWT.1min mhYFP,pTORC49,4,Ampicillin,20913.048498845263,88.2217090069285
E9,PRT14_6,0.7886666666666666,0.68375,67769.25,73.66666666666674,2024_08_09,Escherichia coli K12 MG1655,ΔlacIZYA::FRT ΔtopA::cat,pBR322 PleuWT.1minRBS mhYFP-SalOpt lacO1.1 lacO1.2,PleuWT.1minRBS mhYFP,pTORC50,1,Ampicillin,85928.88841927303,93.4065934065935
E10,PRT14_6,0.7776666666666666,0.67275,68654.25,69.66666666666674,2024_08_09,Escherichia coli K12 MG1655,ΔlacIZYA::FRT ΔtopA::cat,pBR322 PleuWT.1minRBS mhYFP-SalOpt lacO1.1 lacO1.2,PleuWT.1minRBS mhYFP,pTORC50,2,Ampicillin,88282.36176596658,89.58422631804554
E11,PRT14_6,0.7816666666666666,0.67675,65743.25,71.66666666666674,2024_08_09,Escherichia coli K12 MG1655,ΔlacIZYA::FRT ΔtopA::cat,pBR322 PleuWT.1minRBS mhYFP-SalOpt lacO1.1 lacO1.2,PleuWT.1minRBS mhYFP,pTORC50,3,Ampicillin,84106.50319829425,91.68443496801716
E12,PRT14_6,0.7456666666666666,0.6407499999999999,70855.25,74.66666666666674,2024_08_09,Escherichia coli K12 MG1655,ΔlacIZYA::FRT ΔtopA::cat,pBR322 PleuWT.1minRBS mhYFP-SalOpt lacO1.1 lacO1.2,PleuWT.1minRBS mhYFP,pTORC50,4,Ampicillin,95022.68663388467,100.13410818059911
F1,PRT14_6,0.6206666666666666,0.53375,1021.25,4148.666666666667,2024_08_09,Escherichia coli K12 MG1655,ΔlacIZYA::FRT ΔtopA::cat,pBR322 PleuWT.1min mRaspberry-SalOpt lacO1.1 lacO1.2,PleuWT.1min mRaspberry,pTORC63,1,Ampicillin,1645.4081632653065,6684.210526315791
F2,PRT14_6,0.6506666666666666,0.56175,1016.25,4245.666666666667,2024_08_09,Escherichia coli K12 MG1655,ΔlacIZYA::FRT ΔtopA::cat,pBR322 PleuWT.1min mRaspberry-SalOpt lacO1.1 lacO1.2,PleuWT.1min mRaspberry,pTORC63,2,Ampicillin,1561.859631147541,6525.102459016394
F3,PRT14_6,0.6706666666666666,0.58075,1089.25,3945.666666666667,2024_08_09,Escherichia coli K12 MG1655,ΔlacIZYA::FRT ΔtopA::cat,pBR322 PleuWT.1min mRaspberry-SalOpt lacO1.1 lacO1.2,PleuWT.1min mRaspberry,pTORC63,3,Ampicillin,1624.130218687873,5883.2007952286285
F4,PRT14_6,0.6066666666666666,0.5267499999999999,836.25,4324.666666666667,2024_08_09,Escherichia coli K12 MG1655,ΔlacIZYA::FRT ΔtopA::cat,pBR322 PleuWT.1min mRaspberry-SalOpt lacO1.1 lacO1.2,PleuWT.1min mRaspberry,pTORC63,4,Ampicillin,1378.4340659340662,7128.57142857143
F5,PRT14_6,0.7176666666666667,0.59575,810.25,32760.666666666668,2024_08_09,Escherichia coli K12 MG1655,ΔlacIZYA::FRT ΔtopA::cat,pBR322 PleuWT.1minRBS mRaspberry-SalOpt lacO1.1 lacO1.2,PleuWT.1minRBS mRaspberry,pTORC64,1,Ampicillin,1129.006038086391,45648.86205294937
F6,PRT14_6,0.7396666666666666,0.6157499999999999,867.25,33233.666666666664,2024_08_09,Escherichia coli K12 MG1655,ΔlacIZYA::FRT ΔtopA::cat,pBR322 PleuWT.1minRBS mRaspberry-SalOpt lacO1.1 lacO1.2,PleuWT.1minRBS mRaspberry,pTORC64,2,Ampicillin,1172.487607030194,44930.599369085176
F7,PRT14_6,0.7006666666666667,0.58275,841.25,32632.666666666668,2024_08_09,Escherichia coli K12 MG1655,ΔlacIZYA::FRT ΔtopA::cat,pBR322 PleuWT.1minRBS mRaspberry-SalOpt lacO1.1 lacO1.2,PleuWT.1minRBS mRaspberry,pTORC64,3,Ampicillin,1200.6422454804947,46573.73929590866
F8,PRT14_6,0.6806666666666666,0.56175,651.25,32958.666666666664,2024_08_09,Escherichia coli K12 MG1655,ΔlacIZYA::FRT ΔtopA::cat,pBR322 PleuWT.1minRBS mRaspberry-SalOpt lacO1.1 lacO1.2,PleuWT.1minRBS mRaspberry,pTORC64,4,Ampicillin,956.7825661116552,48421.155729676786
F9,PRT14_6,0.7106666666666667,0.60375,10771.25,69.66666666666674,2024_08_09,Escherichia coli K12 MG1655,ΔlacIZYA::FRT ΔtopA::cat,pBR322 PleuWT.1 mhYFP-SalOpt lacO1.1 lacO1.2,PleuWT.1 mhYFP,pTORC65,1,Ampicillin,15156.54315196998,98.03001876172618
F10,PRT14_6,0.7566666666666666,0.6507499999999999,10549.25,65.66666666666674,2024_08_09,Escherichia coli K12 MG1655,ΔlacIZYA::FRT ΔtopA::cat,pBR322 PleuWT.1 mhYFP-SalOpt lacO1.1 lacO1.2,PleuWT.1 mhYFP,pTORC65,2,Ampicillin,13941.740088105727,86.7841409691631
F11,PRT14_6,0.7126666666666667,0.60675,10607.25,55.66666666666674,2024_08_09,Escherichia coli K12 MG1655,ΔlacIZYA::FRT ΔtopA::cat,pBR322 PleuWT.1 mhYFP-SalOpt lacO1.1 lacO1.2,PleuWT.1 mhYFP,pTORC65,3,Ampicillin,14883.8868101029,78.11038353601508
F12,PRT14_6,0.7446666666666666,0.6377499999999999,11207.25,71.66666666666674,2024_08_09,Escherichia coli K12 MG1655,ΔlacIZYA::FRT ΔtopA::cat,pBR322 PleuWT.1 mhYFP-SalOpt lacO1.1 lacO1.2,PleuWT.1 mhYFP,pTORC65,4,Ampicillin,15050.022381378694,96.23992837958828
A1,PRT14_6,0.6655833333333333,0.5266666666666666,653.1666666666666,82.91666666666674,2024_08_13,Salmonella enterica Typhimurium SL1344,WT,pBR322,None,pTORC1,1,Ampicillin,981.3446851133092,124.57743833729825
A2,PRT14_6,0.6435833333333333,0.5146666666666666,573.1666666666666,77.91666666666674,2024_08_13,Salmonella enterica Typhimurium SL1344,WT,pBR322,None,pTORC1,2,Ampicillin,890.5865596270879,121.06694289783776
A3,PRT14_6,0.6395833333333333,0.5096666666666666,589.1666666666666,86.91666666666674,2024_08_13,Salmonella enterica Typhimurium SL1344,WT,pBR322,None,pTORC1,3,Ampicillin,921.172638436482,135.89576547231283
A4,PRT14_6,0.6225833333333333,0.4936666666666666,477.16666666666663,72.91666666666674,2024_08_13,Salmonella enterica Typhimurium SL1344,WT,pBR322,None,pTORC1,4,Ampicillin,766.4301967608085,117.11952884486696
A5,PRT14_6,0.6265833333333333,0.5016666666666666,13239.166666666666,83.91666666666674,2024_08_13,Salmonella enterica Typhimurium SL1344,WT,pBR322 PleuWT.1min mhYFP-SalOpt lacO1.1 lacO1.2,PleuWT.1min mhYFP,pTORC49,1,Ampicillin,21129.139513233145,133.9273839606332
A6,PRT14_6,0.6265833333333333,0.4996666666666666,12410.166666666666,66.91666666666674,2024_08_13,Salmonella enterica Typhimurium SL1344,WT,pBR322 PleuWT.1min mhYFP-SalOpt lacO1.1 lacO1.2,PleuWT.1min mhYFP,pTORC49,2,Ampicillin,19806.09123553664,106.7961165048545
A7,PRT14_6,0.6135833333333333,0.4966666666666666,13179.166666666666,76.91666666666674,2024_08_13,Salmonella enterica Typhimurium SL1344,WT,pBR322 PleuWT.1min mhYFP-SalOpt lacO1.1 lacO1.2,PleuWT.1min mhYFP,pTORC49,3,Ampicillin,21479.01670514736,125.3565122911858
A8,PRT14_6,0.6275833333333333,0.5066666666666666,12891.166666666666,87.91666666666674,2024_08_13,Salmonella enterica Typhimurium SL1344,WT,pBR322 PleuWT.1min mhYFP-SalOpt lacO1.1 lacO1.2,PleuWT.1min mhYFP,pTORC49,4,Ampicillin,20540.964015403,140.0876377639093
A9,PRT14_6,0.6435833333333333,0.5236666666666666,21975.166666666668,88.91666666666674,2024_08_13,Salmonella enterica Typhimurium SL1344,WT,pBR322 PleuWT.1minRBS mhYFP-SalOpt lacO1.1 lacO1.2,PleuWT.1minRBS mhYFP,pTORC50,1,Ampicillin,34145.02136475463,138.1587466010619
A10,PRT14_6,0.6225833333333333,0.5046666666666666,62018.166666666664,81.91666666666674,2024_08_13,Salmonella enterica Typhimurium SL1344,WT,pBR322 PleuWT.1minRBS mhYFP-SalOpt lacO1.1 lacO1.2,PleuWT.1minRBS mhYFP,pTORC50,2,Ampicillin,99614.24173470754,131.57542497657624
A11,PRT14_6,0.6675833333333333,0.5386666666666666,53291.166666666664,78.91666666666674,2024_08_13,Salmonella enterica Typhimurium SL1344,WT,pBR322 PleuWT.1minRBS mhYFP-SalOpt lacO1.1 lacO1.2,PleuWT.1minRBS mhYFP,pTORC50,3,Ampicillin,79826.98789164898,118.21245787042828
A12,PRT14_6,0.6155833333333333,0.4906666666666666,66455.16666666667,86.91666666666674,2024_08_13,Salmonella enterica Typhimurium SL1344,WT,pBR322 PleuWT.1minRBS mhYFP-SalOpt lacO1.1 lacO1.2,PleuWT.1minRBS mhYFP,pTORC50,4,Ampicillin,107954.78543387032,141.19398944090986
B1,PRT14_6,0.6305833333333333,0.5036666666666666,628.1666666666666,4923.916666666667,2024_08_13,Salmonella enterica Typhimurium SL1344,WT,pBR322 PleuWT.1min mRaspberry-SalOpt lacO1.1 lacO1.2,PleuWT.1min mRaspberry,pTORC63,1,Ampicillin,996.1675697105854,7808.510638297874
B2,PRT14_6,0.6115833333333333,0.4946666666666666,591.1666666666666,4857.916666666667,2024_08_13,Salmonella enterica Typhimurium SL1344,WT,pBR322 PleuWT.1min mRaspberry-SalOpt lacO1.1 lacO1.2,PleuWT.1min mRaspberry,pTORC63,2,Ampicillin,966.616705273198,7943.180269791526
B3,PRT14_6,0.6325833333333333,0.5156666666666666,638.1666666666666,4510.916666666667,2024_08_13,Salmonella enterica Typhimurium SL1344,WT,pBR322 PleuWT.1min mRaspberry-SalOpt lacO1.1 lacO1.2,PleuWT.1min mRaspberry,pTORC63,3,Ampicillin,1008.826241601897,7130.944539586353
B4,PRT14_6,0.6285833333333333,0.5086666666666666,537.1666666666666,5049.916666666667,2024_08_13,Salmonella enterica Typhimurium SL1344,WT,pBR322 PleuWT.1min mRaspberry-SalOpt lacO1.1 lacO1.2,PleuWT.1min mRaspberry,pTORC63,4,Ampicillin,854.5671483494631,8033.806177913299
B5,PRT14_6,0.6275833333333333,0.5016666666666666,617.1666666666666,18597.916666666668,2024_08_13,Salmonella enterica Typhimurium SL1344,WT,pBR322 PleuWT.1minRBS mRaspberry-SalOpt lacO1.1 lacO1.2,PleuWT.1minRBS mRaspberry,pTORC64,1,Ampicillin,983.4019386535653,29634.178727924584
B6,PRT14_6,0.6505833333333333,0.5196666666666666,629.1666666666666,22141.916666666668,2024_08_13,Salmonella enterica Typhimurium SL1344,WT,pBR322 PleuWT.1minRBS mRaspberry-SalOpt lacO1.1 lacO1.2,PleuWT.1minRBS mRaspberry,pTORC64,2,Ampicillin,967.08082490073,34033.943896503144
B7,PRT14_6,0.6415833333333333,0.5196666666666666,689.1666666666666,10611.916666666666,2024_08_13,Salmonella enterica Typhimurium SL1344,WT,pBR322 PleuWT.1minRBS mRaspberry-SalOpt lacO1.1 lacO1.2,PleuWT.1minRBS mRaspberry,pTORC64,3,Ampicillin,1074.1654760358488,16540.2000259774
B8,PRT14_6,0.6055833333333333,0.4776666666666667,538.1666666666666,20649.916666666668,2024_08_13,Salmonella enterica Typhimurium SL1344,WT,pBR322 PleuWT.1minRBS mRaspberry-SalOpt lacO1.1 lacO1.2,PleuWT.1minRBS mRaspberry,pTORC64,4,Ampicillin,888.674831429751,34099.21563231045
B9,PRT14_6,0.6735833333333333,0.5556666666666666,14130.166666666666,76.91666666666674,2024_08_13,Salmonella enterica Typhimurium SL1344,WT,pBR322 PleuWT.1 mhYFP-SalOpt lacO1.1 lacO1.2,PleuWT.1 mhYFP,pTORC65,1,Ampicillin,20977.607324013363,114.1902758876656
B10,PRT14_6,0.6805833333333333,0.5586666666666666,14355.166666666666,78.91666666666674,2024_08_13,Salmonella enterica Typhimurium SL1344,WT,pBR322 PleuWT.1 mhYFP-SalOpt lacO1.1 lacO1.2,PleuWT.1 mhYFP,pTORC65,2,Ampicillin,21092.44520631811,115.9544508387414
B11,PRT14_6,0.6515833333333333,0.5346666666666666,14386.166666666666,81.91666666666674,2024_08_13,Salmonella enterica Typhimurium SL1344,WT,pBR322 PleuWT.1 mhYFP-SalOpt lacO1.1 lacO1.2,PleuWT.1 mhYFP,pTORC65,3,Ampicillin,22078.782452999105,125.71940145798708
B12,PRT14_6,0.6695833333333333,0.5466666666666666,14474.166666666666,76.91666666666674,2024_08_13,Salmonella enterica Typhimurium SL1344,WT,pBR322 PleuWT.1 mhYFP-SalOpt lacO1.1 lacO1.2,PleuWT.1 mhYFP,pTORC65,4,Ampicillin,21616.67703795893,114.87243310516502
C5,PRT14_6,0.6975833333333333,0.5826666666666667,506.16666666666663,67.91666666666674,2024_08_13,Salmonella enterica Typhimurium SL1344,ΔtopA::cat,pBR322,None,pTORC1,1,Ampicillin,725.6002867040975,97.35993310237735
C6,PRT14_6,0.7085833333333333,0.5916666666666667,572.1666666666666,82.91666666666674,2024_08_13,Salmonella enterica Typhimurium SL1344,ΔtopA::cat,pBR322,None,pTORC1,2,Ampicillin,807.4797130424555,117.01752322709642
C7,PRT14_6,0.6365833333333333,0.5236666666666666,695.1666666666666,77.91666666666674,2024_08_13,Salmonella enterica Typhimurium SL1344,ΔtopA::cat,pBR322,None,pTORC1,3,Ampicillin,1092.0277523236025,122.3982196622596
C8,PRT14_6,0.6015833333333332,0.4976666666666666,594.1666666666666,64.91666666666674,2024_08_13,Salmonella enterica Typhimurium SL1344,ΔtopA::cat,pBR322,None,pTORC1,4,Ampicillin,987.671422634714,107.90968278154884
C9,PRT14_6,0.7205833333333334,0.6096666666666666,33593.166666666664,73.91666666666674,2024_08_13,Salmonella enterica Typhimurium SL1344,ΔtopA::cat,pBR322 PleuWT.1min mhYFP-SalOpt lacO1.1 lacO1.2,PleuWT.1min mhYFP,pTORC49,1,Ampicillin,46619.40557418758,102.57892910836138
C10,PRT14_6,0.7205833333333334,0.6036666666666667,26609.166666666668,64.91666666666674,2024_08_13,Salmonella enterica Typhimurium SL1344,ΔtopA::cat,pBR322 PleuWT.1min mhYFP-SalOpt lacO1.1 lacO1.2,PleuWT.1min mhYFP,pTORC49,2,Ampicillin,36927.25800855788,90.08904822481796
C11,PRT14_6,0.6465833333333333,0.5426666666666666,13113.166666666666,65.91666666666674,2024_08_13,Salmonella enterica Typhimurium SL1344,ΔtopA::cat,pBR322 PleuWT.1min mhYFP-SalOpt lacO1.1 lacO1.2,PleuWT.1min mhYFP,pTORC49,3,Ampicillin,20280.706276582034,101.94612707823184
C12,PRT14_6,0.6535833333333333,0.5396666666666666,13787.166666666666,63.91666666666674,2024_08_13,Salmonella enterica Typhimurium SL1344,ΔtopA::cat,pBR322 PleuWT.1min mhYFP-SalOpt lacO1.1 lacO1.2,PleuWT.1min mhYFP,pTORC49,4,Ampicillin,21094.734157847764,97.7942113986996
D1,PRT14_6,0.6725833333333333,0.5556666666666666,84931.16666666667,70.91666666666674,2024_08_13,Salmonella enterica Typhimurium SL1344,ΔtopA::cat,pBR322 PleuWT.1minRBS mhYFP-SalOpt lacO1.1 lacO1.2,PleuWT.1minRBS mhYFP,pTORC50,1,Ampicillin,126276.0500557552,105.4392268616034
D2,PRT14_6,0.6785833333333333,0.5716666666666667,82988.16666666667,51.91666666666674,2024_08_13,Salmonella enterica Typhimurium SL1344,ΔtopA::cat,pBR322 PleuWT.1minRBS mhYFP-SalOpt lacO1.1 lacO1.2,PleuWT.1minRBS mhYFP,pTORC50,2,Ampicillin,122296.20532973106,76.507429694216
D3,PRT14_6,0.5675833333333333,0.4696666666666667,36097.166666666664,50.91666666666674,2024_08_13,Salmonella enterica Typhimurium SL1344,ΔtopA::cat,pBR322 PleuWT.1minRBS mhYFP-SalOpt lacO1.1 lacO1.2,PleuWT.1minRBS mhYFP,pTORC50,3,Ampicillin,63598.003230069,89.7078255762738
D4,PRT14_6,0.5215833333333333,0.43066666666666664,28825.166666666668,39.91666666666674,2024_08_13,Salmonella enterica Typhimurium SL1344,ΔtopA::cat,pBR322 PleuWT.1minRBS mhYFP-SalOpt lacO1.1 lacO1.2,PleuWT.1minRBS mhYFP,pTORC50,4,Ampicillin,55264.73877616233,76.52979709218741
D5,PRT14_6,0.7295833333333333,0.6116666666666666,520.1666666666666,7521.916666666667,2024_08_13,Salmonella enterica Typhimurium SL1344,ΔtopA::cat,pBR322 PleuWT.1min mRaspberry-SalOpt lacO1.1 lacO1.2,PleuWT.1min mRaspberry,pTORC63,1,Ampicillin,712.9640205596802,10309.88006853227
D6,PRT14_6,0.7265833333333332,0.6116666666666666,565.1666666666666,7397.916666666667,2024_08_13,Salmonella enterica Typhimurium SL1344,ΔtopA::cat,pBR322 PleuWT.1min mRaspberry-SalOpt lacO1.1 lacO1.2,PleuWT.1min mRaspberry,pTORC63,2,Ampicillin,777.841495584356,10181.786902167682
D7,PRT14_6,0.5685833333333333,0.4696666666666667,592.1666666666666,2090.916666666667,2024_08_13,Salmonella enterica Typhimurium SL1344,ΔtopA::cat,pBR322 PleuWT.1min mRaspberry-SalOpt lacO1.1 lacO1.2,PleuWT.1min mRaspberry,pTORC63,3,Ampicillin,1041.4773560017586,3677.414626996923
D8,PRT14_6,0.6255833333333333,0.5216666666666666,584.1666666666666,2831.916666666667,2024_08_13,Salmonella enterica Typhimurium SL1344,ΔtopA::cat,pBR322 PleuWT.1min mRaspberry-SalOpt lacO1.1 lacO1.2,PleuWT.1min mRaspberry,pTORC63,4,Ampicillin,933.7951245504196,4526.841614493141
D9,PRT14_6,0.7535833333333333,0.6256666666666666,523.1666666666666,23234.916666666668,2024_08_13,Salmonella enterica Typhimurium SL1344,ΔtopA::cat,pBR322 PleuWT.1minRBS mRaspberry-SalOpt lacO1.1 lacO1.2,PleuWT.1minRBS mRaspberry,pTORC64,1,Ampicillin,694.2386376202587,30832.577684396776
D10,PRT14_6,0.7235833333333334,0.5986666666666667,517.1666666666666,17757.916666666668,2024_08_13,Salmonella enterica Typhimurium SL1344,ΔtopA::cat,pBR322 PleuWT.1minRBS mRaspberry-SalOpt lacO1.1 lacO1.2,PleuWT.1minRBS mRaspberry,pTORC64,2,Ampicillin,714.7299320511344,24541.633076125763
D11,PRT14_6,0.6335833333333333,0.5276666666666666,570.1666666666666,10879.916666666666,2024_08_13,Salmonella enterica Typhimurium SL1344,ΔtopA::cat,pBR322 PleuWT.1minRBS mRaspberry-SalOpt lacO1.1 lacO1.2,PleuWT.1minRBS mRaspberry,pTORC64,3,Ampicillin,899.9079310798369,17172.03735367618
D12,PRT14_6,0.5355833333333333,0.43266666666666664,499.16666666666663,3734.916666666667,2024_08_13,Salmonella enterica Typhimurium SL1344,ΔtopA::cat,pBR322 PleuWT.1minRBS mRaspberry-SalOpt lacO1.1 lacO1.2,PleuWT.1minRBS mRaspberry,pTORC64,4,Ampicillin,932.0056013692237,6973.549089777503
E1,PRT14_6,0.7395833333333333,0.6176666666666666,24949.166666666668,72.91666666666674,2024_08_13,Salmonella enterica Typhimurium SL1344,ΔtopA::cat,pBR322 PleuWT.1 mhYFP-SalOpt lacO1.1 lacO1.2,PleuWT.1 mhYFP,pTORC65,1,Ampicillin,33734.08450704226,98.59154929577475
E2,PRT14_6,0.7315833333333333,0.6186666666666666,23181.166666666668,54.91666666666674,2024_08_13,Salmonella enterica Typhimurium SL1344,ΔtopA::cat,pBR322 PleuWT.1 mhYFP-SalOpt lacO1.1 lacO1.2,PleuWT.1 mhYFP,pTORC65,2,Ampicillin,31686.29684474314,75.06549720924946
E3,PRT14_6,0.6585833333333333,0.5526666666666666,12072.166666666666,58.91666666666674,2024_08_13,Salmonella enterica Typhimurium SL1344,ΔtopA::cat,pBR322 PleuWT.1 mhYFP-SalOpt lacO1.1 lacO1.2,PleuWT.1 mhYFP,pTORC65,3,Ampicillin,18330.507402252308,89.45969884853865
E4,PRT14_6,0.6375833333333333,0.5376666666666666,9648.166666666666,56.91666666666674,2024_08_13,Salmonella enterica Typhimurium SL1344,ΔtopA::cat,pBR322 PleuWT.1 mhYFP-SalOpt lacO1.1 lacO1.2,PleuWT.1 mhYFP,pTORC65,4,Ampicillin,15132.400993334206,89.26937655208482
E9,PRT14_6,0.7105833333333333,0.5936666666666667,598.1666666666666,55.91666666666674,2024_08_13,Salmonella enterica Typhimurium SL1344,ΔSL1483::lacIMG1655-FRT ΔtopA::cat,pBR322,None,pTORC1,1,Ampicillin,841.7966459481646,78.69121613697676
E10,PRT14_6,0.7015833333333333,0.5906666666666667,16742.166666666668,60.91666666666674,2024_08_13,Salmonella enterica Typhimurium SL1344,ΔSL1483::lacIMG1655-FRT ΔtopA::cat,pBR322,None,pTORC1,2,Ampicillin,23863.404204774917,86.82741418220702
E11,PRT14_6,0.6985833333333333,0.5826666666666667,587.1666666666666,62.91666666666674,2024_08_13,Salmonella enterica Typhimurium SL1344,ΔSL1483::lacIMG1655-FRT ΔtopA::cat,pBR322,None,pTORC1,3,Ampicillin,840.5105570798044,90.06322318978897
E12,PRT14_6,0.6965833333333333,0.5756666666666667,13938.166666666666,68.91666666666674,2024_08_13,Salmonella enterica Typhimurium SL1344,ΔSL1483::lacIMG1655-FRT ΔtopA::cat,pBR322,None,pTORC1,4,Ampicillin,20009.33125972006,98.93527933963404
F1,PRT14_6,0.7335833333333333,0.6126666666666666,16773.166666666668,70.91666666666674,2024_08_13,Salmonella enterica Typhimurium SL1344,ΔSL1483::lacIMG1655-FRT ΔtopA::cat,pBR322 PleuWT.1min mhYFP-SalOpt lacO1.1 lacO1.2,PleuWT.1min mhYFP,pTORC49,1,Ampicillin,22864.70521413155,96.67158923094412
F2,PRT14_6,0.7265833333333332,0.6126666666666666,16584.166666666668,62.91666666666674,2024_08_13,Salmonella enterica Typhimurium SL1344,ΔSL1483::lacIMG1655-FRT ΔtopA::cat,pBR322 PleuWT.1min mhYFP-SalOpt lacO1.1 lacO1.2,PleuWT.1min mhYFP,pTORC49,2,Ampicillin,22824.86523683909,86.59249913980973
F3,PRT14_6,0.6945833333333333,0.5816666666666667,17908.166666666668,82.91666666666674,2024_08_13,Salmonella enterica Typhimurium SL1344,ΔSL1483::lacIMG1655-FRT ΔtopA::cat,pBR322 PleuWT.1min mhYFP-SalOpt lacO1.1 lacO1.2,PleuWT.1min mhYFP,pTORC49,3,Ampicillin,25782.60347930414,119.3761247750451
F4,PRT14_6,0.7175833333333334,0.6046666666666667,15750.166666666666,50.91666666666674,2024_08_13,Salmonella enterica Typhimurium SL1344,ΔSL1483::lacIMG1655-FRT ΔtopA::cat,pBR322 PleuWT.1min mhYFP-SalOpt lacO1.1 lacO1.2,PleuWT.1min mhYFP,pTORC49,4,Ampicillin,21948.90256648473,70.9557542677971
F5,PRT14_6,0.7475833333333333,0.6316666666666666,54298.166666666664,59.91666666666674,2024_08_13,Salmonella enterica Typhimurium SL1344,ΔSL1483::lacIMG1655-FRT ΔtopA::cat,pBR322 PleuWT.1minRBS mhYFP-SalOpt lacO1.1 lacO1.2,PleuWT.1minRBS mhYFP,pTORC50,1,Ampicillin,72631.5906810835,80.14714078698037
F6,PRT14_6,0.7315833333333333,0.6196666666666666,53557.166666666664,49.91666666666674,2024_08_13,Salmonella enterica Typhimurium SL1344,ΔSL1483::lacIMG1655-FRT ΔtopA::cat,pBR322 PleuWT.1minRBS mhYFP-SalOpt lacO1.1 lacO1.2,PleuWT.1minRBS mhYFP,pTORC50,2,Ampicillin,73207.19899760793,68.23100580931781
F7,PRT14_6,0.7215833333333334,0.6096666666666666,53556.166666666664,46.91666666666674,2024_08_13,Salmonella enterica Typhimurium SL1344,ΔSL1483::lacIMG1655-FRT ΔtopA::cat,pBR322 PleuWT.1minRBS mhYFP-SalOpt lacO1.1 lacO1.2,PleuWT.1minRBS mhYFP,pTORC50,3,Ampicillin,74220.34877006582,65.01905531816617
F8,PRT14_6,0.7155833333333333,0.6026666666666667,52642.166666666664,60.91666666666674,2024_08_13,Salmonella enterica Typhimurium SL1344,ΔSL1483::lacIMG1655-FRT ΔtopA::cat,pBR322 PleuWT.1minRBS mhYFP-SalOpt lacO1.1 lacO1.2,PleuWT.1minRBS mhYFP,pTORC50,4,Ampicillin,73565.38954233142,85.12868289274495
F9,PRT14_6,0.7115833333333333,0.5966666666666667,627.1666666666666,5909.916666666667,2024_08_13,Salmonella enterica Typhimurium SL1344,ΔSL1483::lacIMG1655-FRT ΔtopA::cat,pBR322 PleuWT.1min mRaspberry-SalOpt lacO1.1 lacO1.2,PleuWT.1min mRaspberry,pTORC63,1,Ampicillin,881.3678416676426,8305.305070851387
F10,PRT14_6,0.7035833333333333,0.5806666666666667,637.1666666666666,5922.916666666667,2024_08_13,Salmonella enterica Typhimurium SL1344,ΔSL1483::lacIMG1655-FRT ΔtopA::cat,pBR322 PleuWT.1min mRaspberry-SalOpt lacO1.1 lacO1.2,PleuWT.1min mRaspberry,pTORC63,2,Ampicillin,905.6022740731968,8418.216273836315
F11,PRT14_6,0.7005833333333333,0.5816666666666667,626.1666666666666,6179.916666666667,2024_08_13,Salmonella enterica Typhimurium SL1344,ΔSL1483::lacIMG1655-FRT ΔtopA::cat,pBR322 PleuWT.1min mRaspberry-SalOpt lacO1.1 lacO1.2,PleuWT.1min mRaspberry,pTORC63,3,Ampicillin,893.7789936957297,8821.101463066492
F12,PRT14_6,0.7205833333333334,0.5956666666666667,621.1666666666666,6090.916666666667,2024_08_13,Salmonella enterica Typhimurium SL1344,ΔSL1483::lacIMG1655-FRT ΔtopA::cat,pBR322 PleuWT.1min mRaspberry-SalOpt lacO1.1 lacO1.2,PleuWT.1min mRaspberry,pTORC63,4,Ampicillin,862.0330750549323,8452.758182028449
G1,PRT14_6,0.6835833333333333,0.5576666666666666,525.1666666666666,19495.916666666668,2024_08_13,Salmonella enterica Typhimurium SL1344,ΔSL1483::lacIMG1655-FRT ΔtopA::cat,pBR322 PleuWT.1minRBS mRaspberry-SalOpt lacO1.1 lacO1.2,PleuWT.1minRBS mRaspberry,pTORC64,1,Ampicillin,768.2555162745336,28520.175545532125
G2,PRT14_6,0.7095833333333333,0.5886666666666667,568.1666666666666,13355.916666666666,2024_08_13,Salmonella enterica Typhimurium SL1344,ΔSL1483::lacIMG1655-FRT ΔtopA::cat,pBR322 PleuWT.1minRBS mRaspberry-SalOpt lacO1.1 lacO1.2,PleuWT.1minRBS mRaspberry,pTORC64,2,Ampicillin,800.7046388725778,18822.1961244862
G3,PRT14_6,0.7655833333333333,0.7106666666666667,646.1666666666666,21964.916666666668,2024_08_13,Salmonella enterica Typhimurium SL1344,ΔSL1483::lacIMG1655-FRT ΔtopA::cat,pBR322 PleuWT.1minRBS mRaspberry-SalOpt lacO1.1 lacO1.2,PleuWT.1minRBS mRaspberry,pTORC64,3,Ampicillin,844.0187221073256,28690.432132360947
G4,PRT14_6,0.7035833333333333,0.5836666666666667,505.16666666666663,17739.916666666668,2024_08_13,Salmonella enterica Typhimurium SL1344,ΔSL1483::lacIMG1655-FRT ΔtopA::cat,pBR322 PleuWT.1minRBS mRaspberry-SalOpt lacO1.1 lacO1.2,PleuWT.1minRBS mRaspberry,pTORC64,4,Ampicillin,717.9912353428875,25213.668127442852
G5,PRT14_6,0.7235833333333334,0.6136666666666666,27759.166666666668,62.91666666666674,2024_08_13,Salmonella enterica Typhimurium SL1344,ΔSL1483::lacIMG1655-FRT ΔtopA::cat,pBR322 PleuWT.1 mhYFP-SalOpt lacO1.1 lacO1.2,PleuWT.1 mhYFP,pTORC65,1,Ampicillin,38363.46884717263,86.95151445352998
G6,PRT14_6,0.71658333333333335,0.6066666666666667,27086.166666666668,60.91666666666674,2024_08_13,Salmonella enterica Typhimurium SL1344,ΔSL1483::lacIMG1655-FRT ΔtopA::cat,pBR322 PleuWT.1 mhYFP-SalOpt lacO1.1 lacO1.2,PleuWT.1 mhYFP,pTORC65,2,Ampicillin,37799.04640074427,85.00988487033386
G7,PRT14_6,0.6825833333333333,0.5736666666666667,27202.166666666668,56.91666666666674,2024_08_13,Salmonella enterica Typhimurium SL1344,ΔSL1483::lacIMG1655-FRT ΔtopA::cat,pBR322 PleuWT.1 mhYFP-SalOpt lacO1.1 lacO1.2,PleuWT.1 mhYFP,pTORC65,3,Ampicillin,39851.78854840679,83.38420217311695
G8,PRT14_6,0.7065833333333333,0.5956666666666667,26593.166666666668,64.91666666666674,2024_08_13,Salmonella enterica Typhimurium SL1344,ΔSL1483::lacIMG1655-FRT ΔtopA::cat,pBR322 PleuWT.1 mhYFP-SalOpt lacO1.1 lacO1.2,PleuWT.1 mhYFP,pTORC65,4,Ampicillin,37636.27786295554,91.8740417502065
A1,PRT14_6,0.7856666666666666,0.6593333333333333,604.4166666666666,78.5,2024_08_20,Escherichia coli K12 MG1655,WT,pBR322,None,pTORC1,5,Ampicillin,769.3042002545609,99.91514637250744
A2,PRT14_6,0.7796666666666666,0.6623333333333333,525.4166666666666,77.5,2024_08_20,Escherichia coli K12 MG1655,WT,pBR322,None,pTORC1,6,Ampicillin,673.8991021804189,99.401453612655
A3,PRT14_6,0.7676666666666666,0.6493333333333333,12326.416666666666,87.5,2024_08_20,Escherichia coli K12 MG1655,WT,pBR322 PleuWT.1min mhYFP-SalOpt lacO1.1 lacO1.2,PleuWT.1min mhYFP,pTORC49,5,Ampicillin,16056.990881458967,113.98176291793314
A4,PRT14_6,0.7356666666666666,0.6153333333333333,13153.416666666666,93.5,2024_08_20,Escherichia coli K12 MG1655,WT,pBR322 PleuWT.1min mhYFP-SalOpt lacO1.1 lacO1.2,PleuWT.1min mhYFP,pTORC49,6,Ampicillin,17879.58767557771,127.09560489352064
A5,PRT14_6,0.7736666666666666,0.6603333333333333,52399.416666666664,89.5,2024_08_20,Escherichia coli K12 MG1655,WT,pBR322 PleuWT.1minRBS mhYFP-SalOpt lacO1.1 lacO1.2,PleuWT.1minRBS mhYFP,pTORC50,5,Ampicillin,67728.67298578199,115.6828953037484
A6,PRT14_6,0.7956666666666666,0.6763333333333333,48662.416666666664,65.5,2024_08_20,Escherichia coli K12 MG1655,WT,pBR322 PleuWT.1minRBS mhYFP-SalOpt lacO1.1 lacO1.2,PleuWT.1minRBS mhYFP,pTORC50,6,Ampicillin,61159.30037704231,82.32090490155007
A7,PRT14_6,0.7046666666666667,0.5843333333333334,589.4166666666666,5588.5,2024_08_20,Escherichia coli K12 MG1655,WT,pBR322 PleuWT.1min mRaspberry-SalOpt lacO1.1 lacO1.2,PleuWT.1min mRaspberry,pTORC63,5,Ampicillin,836.4474929044464,7930.7000946073795
A8,PRT14_6,0.7386666666666666,0.6143333333333333,507.41666666666663,5723.5,2024_08_20,Escherichia coli K12 MG1655,WT,pBR322 PleuWT.1min mRaspberry-SalOpt lacO1.1 lacO1.2,PleuWT.1min mRaspberry,pTORC63,6,Ampicillin,686.9359205776174,7748.420577617329
A9,PRT14_6,0.7486666666666666,0.6023333333333334,626.4166666666666,36101.5,2024_08_20,Escherichia coli K12 MG1655,WT,pBR322 PleuWT.1minRBS mRaspberry-SalOpt lacO1.1 lacO1.2,PleuWT.1minRBS mRaspberry,pTORC64,5,Ampicillin,836.7097061442565,48221.05966162066
A10,PRT14_6,0.7466666666666666,0.5983333333333334,484.41666666666663,37414.5,2024_08_20,Escherichia coli K12 MG1655,WT,pBR322 PleuWT.1minRBS mRaspberry-SalOpt lacO1.1 lacO1.2,PleuWT.1minRBS mRaspberry,pTORC64,6,Ampicillin,648.7723214285714,50108.70535714286
A11,PRT14_6,0.6816666666666666,0.56033333333333335,15058.416666666666,95.5,2024_08_20,Escherichia coli K12 MG1655,WT,pBR322 PleuWT.1 mhYFP-SalOpt lacO1.1 lacO1.2,PleuWT.1 mhYFP,pTORC65,5,Ampicillin,22090.586797066015,140.09779951100245
A12,PRT14_6,0.7836666666666666,0.6303333333333333,15007.416666666666,96.5,2024_08_20,Escherichia coli K12 MG1655,WT,pBR322 PleuWT.1 mhYFP-SalOpt lacO1.1 lacO1.2,PleuWT.1 mhYFP,pTORC65,6,Ampicillin,19150.255210548705,123.13908974904297
B1,PRT14_6,0.6776666666666666,0.56033333333333335,887.4166666666666,78.5,2024_08_20,Escherichia coli K12 MG1655,ΔtopA::cat,pBR322,None,pTORC1,5,Ampicillin,1309.517953762912,115.83866207575012
B2,PRT14_6,0.6726666666666666,0.5623333333333334,747.4166666666666,83.5,2024_08_20,Escherichia coli K12 MG1655,ΔtopA::cat,pBR322,None,pTORC1,6,Ampicillin,1111.1248761149652,124.13280475718534
B3,PRT14_6,0.6066666666666666,0.4993333333333333,7415.416666666667,80.5,2024_08_20,Escherichia coli K12 MG1655,ΔtopA::cat,pBR322 PleuWT.1min mhYFP-SalOpt lacO1.1 lacO1.2,PleuWT.1min mhYFP,pTORC49,5,Ampicillin,12223.214285714288,132.6923076923077
B4,PRT14_6,0.6096666666666666,0.5013333333333333,7304.416666666667,89.5,2024_08_20,Escherichia coli K12 MG1655,ΔtopA::cat,pBR322 PleuWT.1min mhYFP-SalOpt lacO1.1 lacO1.2,PleuWT.1min mhYFP,pTORC49,6,Ampicillin,11981.000546746858,146.8015308911974
B5,PRT14_6,0.6876666666666666,0.5783333333333334,48938.416666666664,84.5,2024_08_20,Escherichia coli K12 MG1655,ΔtopA::cat,pBR322 PleuWT.1minRBS mhYFP-SalOpt lacO1.1 lacO1.2,PleuWT.1minRBS mhYFP,pTORC50,5,Ampicillin,71165.89917595734,122.879301987397
B6,PRT14_6,0.7226666666666667,0.6093333333333333,50303.416666666664,87.5,2024_08_20,Escherichia coli K12 MG1655,ΔtopA::cat,pBR322 PleuWT.1minRBS mhYFP-SalOpt lacO1.1 lacO1.2,PleuWT.1minRBS mhYFP,pTORC50,6,Ampicillin,69608.04889298893,121.07933579335791
B7,PRT14_6,0.6656666666666666,0.5553333333333333,938.4166666666666,4422.5,2024_08_20,Escherichia coli K12 MG1655,ΔtopA::cat,pBR322 PleuWT.1min mRaspberry-SalOpt lacO1.1 lacO1.2,PleuWT.1min mRaspberry,pTORC63,5,Ampicillin,1409.739609414121,6643.71557336004
B8,PRT14_6,0.6586666666666666,0.5493333333333333,762.4166666666666,4102.5,2024_08_20,Escherichia coli K12 MG1655,ΔtopA::cat,pBR322 PleuWT.1min mRaspberry-SalOpt lacO1.1 lacO1.2,PleuWT.1min mRaspberry,pTORC63,6,Ampicillin,1157.5151821862348,6228.491902834008
B9,PRT14_6,0.7966666666666666,0.6733333333333333,1097.4166666666663,24787.5,2024_08_20,Escherichia coli K12 MG1655,ΔtopA::cat,pBR322 PleuWT.1minRBS mRaspberry-SalOpt lacO1.1 lacO1.2,PleuWT.1minRBS mRaspberry,pTORC64,5,Ampicillin,1377.510460251046,31114.01673640167
B10,PRT14_6,0.7576666666666666,0.6413333333333333,1030.4166666666663,19478.5,2024_08_20,Escherichia coli K12 MG1655,ΔtopA::cat,pBR322 PleuWT.1minRBS mRaspberry-SalOpt lacO1.1 lacO1.2,PleuWT.1minRBS mRaspberry,pTORC64,6,Ampicillin,1359.98680158381,25708.534975802904
B11,PRT14_6,0.6616666666666666,0.5463333333333333,12155.416666666666,92.5,2024_08_20,Escherichia coli K12 MG1655,ΔtopA::cat,pBR322 PleuWT.1 mhYFP-SalOpt lacO1.1 lacO1.2,PleuWT.1 mhYFP,pTORC65,5,Ampicillin,18370.906801007557,139.79848866498742
B12,PRT14_6,0.7006666666666667,0.5863333333333334,11573.416666666666,85.5,2024_08_20,Escherichia coli K12 MG1655,ΔtopA::cat,pBR322 PleuWT.1 mhYFP-SalOpt lacO1.1 lacO1.2,PleuWT.1 mhYFP,pTORC65,6,Ampicillin,16517.721217887723,122.02664129400571
C1,PRT14_6,0.7146666666666667,0.6003333333333334,1132.4166666666663,74.5,2024_08_20,Escherichia coli K12 MG1655,ΔlacIZYA::FRT ΔtopA::cat,pBR322,None,pTORC1,5,Ampicillin,1584.5382462686564,104.24440298507464
C2,PRT14_6,0.7986666666666666,0.68533333333333335,1289.4166666666663,74.5,2024_08_20,Escherichia coli K12 MG1655,ΔlacIZYA::FRT ΔtopA::cat,pBR322,None,pTORC1,6,Ampicillin,1614.4616026711185,93.28046744574291
C3,PRT14_6,0.7796666666666666,0.6713333333333333,14908.416666666666,59.5,2024_08_20,Escherichia coli K12 MG1655,ΔlacIZYA::FRT ΔtopA::cat,pBR322 PleuWT.1min mhYFP-SalOpt lacO1.1 lacO1.2,PleuWT.1min mhYFP,pTORC49,5,Ampicillin,19121.52629328773,76.31466438648995
C4,PRT14_6,0.7866666666666666,0.6773333333333333,14752.416666666666,62.5,2024_08_20,Escherichia coli K12 MG1655,ΔlacIZYA::FRT ΔtopA::cat,pBR322 PleuWT.1min mhYFP-SalOpt lacO1.1 lacO1.2,PleuWT.1min mhYFP,pTORC49,6,Ampicillin,18753.072033898305,79.44915254237289
C5,PRT14_6,0.7606666666666666,0.6543333333333333,69695.41666666667,51.5,2024_08_20,Escherichia coli K12 MG1655,ΔlacIZYA::FRT ΔtopA::cat,pBR322 PleuWT.1minRBS mhYFP-SalOpt lacO1.1 lacO1.2,PleuWT.1minRBS mhYFP,pTORC50,5,Ampicillin,91624.1235758107,67.70376862401403
C6,PRT14_6,0.7946666666666666,0.6873333333333334,70314.41666666667,41.5,2024_08_20,Escherichia coli K12 MG1655,ΔlacIZYA::FRT ΔtopA::cat,pBR322 PleuWT.1minRBS mhYFP-SalOpt lacO1.1 lacO1.2,PleuWT.1minRBS mhYFP,pTORC50,6,Ampicillin,88482.90687919463,52.22315436241611
C7,PRT14_6,0.6476666666666666,0.5583333333333333,1285.4166666666663,3985.5,2024_08_20,Escherichia coli K12 MG1655,ΔlacIZYA::FRT ΔtopA::cat,pBR322 PleuWT.1min mRaspberry-SalOpt lacO1.1 lacO1.2,PleuWT.1min mRaspberry,pTORC63,5,Ampicillin,1984.6886258363352,6153.62840967576
C8,PRT14_6,0.6246666666666666,0.5293333333333333,1280.4166666666663,4213.5,2024_08_20,Escherichia coli K12 MG1655,ΔlacIZYA::FRT ΔtopA::cat,pBR322 PleuWT.1min mRaspberry-SalOpt lacO1.1 lacO1.2,PleuWT.1min mRaspberry,pTORC63,6,Ampicillin,2049.759871931697,6745.197438633939
C9,PRT14_6,0.7366666666666666,0.6083333333333333,1080.4166666666663,33534.5,2024_08_20,Escherichia coli K12 MG1655,ΔlacIZYA::FRT ΔtopA::cat,pBR322 PleuWT.1minRBS mRaspberry-SalOpt lacO1.1 lacO1.2,PleuWT.1minRBS mRaspberry,pTORC64,5,Ampicillin,1466.628959276018,45521.94570135747
C10,PRT14_6,0.7146666666666667,0.5893333333333334,1046.4166666666663,32566.5,2024_08_20,Escherichia coli K12 MG1655,ΔlacIZYA::FRT ΔtopA::cat,pBR322 PleuWT.1minRBS mRaspberry-SalOpt lacO1.1 lacO1.2,PleuWT.1minRBS mRaspberry,pTORC64,6,Ampicillin,1464.202425373134,45568.79664179104
C11,PRT14_6,0.7396666666666666,0.6293333333333333,10670.416666666666,68.5,2024_08_20,Escherichia coli K12 MG1655,ΔlacIZYA::FRT ΔtopA::cat,pBR322 PleuWT.1 mhYFP-SalOpt lacO1.1 lacO1.2,PleuWT.1 mhYFP,pTORC65,5,Ampicillin,14425.980171248311,92.60928346101848
C12,PRT14_6,0.6936666666666667,0.5843333333333334,11650.416666666666,74.5,2024_08_20,Escherichia coli K12 MG1655,ΔlacIZYA::FRT ΔtopA::cat,pBR322 PleuWT.1 mhYFP-SalOpt lacO1.1 lacO1.2,PleuWT.1 mhYFP,pTORC65,6,Ampicillin,16795.41086016338,107.40028832292168
D1,PRT14_6,0.5776666666666667,0.44733333333333336,549.4166666666666,59.5,2024_08_20,Salmonella enterica Typhimurium SL1344,WT,pBR322,None,pTORC1,5,Ampicillin,951.0963646855164,103.000577034045
D2,PRT14_6,0.5776666666666667,0.45333333333333337,531.4166666666666,71.5,2024_08_20,Salmonella enterica Typhimurium SL1344,WT,pBR322,None,pTORC1,6,Ampicillin,919.936526255049,123.7738026543566
D3,PRT14_6,0.5726666666666667,0.44633333333333336,12911.416666666666,50.5,2024_08_20,Salmonella enterica Typhimurium SL1344,WT,pBR322 PleuWT.1min mhYFP-SalOpt lacO1.1 lacO1.2,PleuWT.1min mhYFP,pTORC49,5,Ampicillin,22546.12922002328,88.18393480791619
D4,PRT14_6,0.6056666666666666,0.4813333333333334,12966.416666666666,52.5,2024_08_20,Salmonella enterica Typhimurium SL1344,WT,pBR322 PleuWT.1min mhYFP-SalOpt lacO1.1 lacO1.2,PleuWT.1min mhYFP,pTORC49,6,Ampicillin,21408.50302696753,86.68134287286738
D5,PRT14_6,0.6196666666666666,0.4973333333333333,76952.41666666667,96.5,2024_08_20,Salmonella enterica Typhimurium SL1344,WT,pBR322 PleuWT.1minRBS mhYFP-SalOpt lacO1.1 lacO1.2,PleuWT.1minRBS mhYFP,pTORC50,5,Ampicillin,124183.56643356646,155.72888649811728
D6,PRT14_6,0.6446666666666666,0.5193333333333333,58932.416666666664,57.5,2024_08_20,Salmonella enterica Typhimurium SL1344,WT,pBR322 PleuWT.1minRBS mhYFP-SalOpt lacO1.1 lacO1.2,PleuWT.1minRBS mhYFP,pTORC50,6,Ampicillin,91415.33092037227,89.1933815925543
D7,PRT14_6,0.5786666666666667,0.45533333333333337,584.4166666666666,5039.5,2024_08_20,Salmonella enterica Typhimurium SL1344,WT,pBR322 PleuWT.1min mRaspberry-SalOpt lacO1.1 lacO1.2,PleuWT.1min mRaspberry,pTORC63,5,Ampicillin,1009.9366359447004,8708.813364055299
D8,PRT14_6,0.5856666666666667,0.4613333333333334,573.4166666666666,4685.5,2024_08_20,Salmonella enterica Typhimurium SL1344,WT,pBR322 PleuWT.1min mRaspberry-SalOpt lacO1.1 lacO1.2,PleuWT.1min mRaspberry,pTORC63,6,Ampicillin,979.0836653386452,8000.284575981787
D9,PRT14_6,0.5946666666666667,0.4633333333333334,531.4166666666666,21340.5,2024_08_20,Salmonella enterica Typhimurium SL1344,WT,pBR322 PleuWT.1minRBS mRaspberry-SalOpt lacO1.1 lacO1.2,PleuWT.1minRBS mRaspberry,pTORC64,5,Ampicillin,893.6378923766815,35886.491031390135
D10,PRT14_6,0.5996666666666667,0.4683333333333334,553.4166666666666,21057.5,2024_08_20,Salmonella enterica Typhimurium SL1344,WT,pBR322 PleuWT.1minRBS mRaspberry-SalOpt lacO1.1 lacO1.2,PleuWT.1minRBS mRaspberry,pTORC64,6,Ampicillin,922.8738187882155,35115.341856586994
D11,PRT14_6,0.6276666666666666,0.4993333333333333,12649.416666666666,56.5,2024_08_20,Salmonella enterica Typhimurium SL1344,WT,pBR322 PleuWT.1 mhYFP-SalOpt lacO1.1 lacO1.2,PleuWT.1 mhYFP,pTORC65,5,Ampicillin,20153.080191184283,90.01593202336697
D12,PRT14_6,0.6386666666666666,0.5113333333333333,12985.416666666666,76.5,2024_08_20,Salmonella enterica Typhimurium SL1344,WT,pBR322 PleuWT.1 mhYFP-SalOpt lacO1.1 lacO1.2,PleuWT.1 mhYFP,pTORC65,6,Ampicillin,20332.07202505219,119.78079331941548
E1,PRT14_6,0.6876666666666666,0.5673333333333334,423.41666666666663,59.5,2024_08_20,Salmonella enterica Typhimurium SL1344,ΔtopA::cat,pBR322,None,pTORC1,5,Ampicillin,615.7295201163354,86.52447891420262
E2,PRT14_6,0.6846666666666666,0.5713333333333334,576.4166666666666,47.5,2024_08_20,Salmonella enterica Typhimurium SL1344,ΔtopA::cat,pBR322,None,pTORC1,6,Ampicillin,841.8938656280428,69.37682570593964
E3,PRT14_6,0.6856666666666666,0.5583333333333333,20893.416666666668,51.5,2024_08_20,Salmonella enterica Typhimurium SL1344,ΔtopA::cat,pBR322 PleuWT.1min mhYFP-SalOpt lacO1.1 lacO1.2,PleuWT.1min mhYFP,pTORC49,5,Ampicillin,30471.682061254254,75.10938259601362
E4,PRT14_6,0.6426666666666666,0.5223333333333333,20489.416666666668,56.5,2024_08_20,Salmonella enterica Typhimurium SL1344,ΔtopA::cat,pBR322 PleuWT.1min mhYFP-SalOpt lacO1.1 lacO1.2,PleuWT.1min mhYFP,pTORC49,6,Ampicillin,31881.87240663901,87.91493775933611
E5,PRT14_6,0.7326666666666666,0.6253333333333333,85050.41666666667,38.5,2024_08_20,Salmonella enterica Typhimurium SL1344,ΔtopA::cat,pBR322 PleuWT.1minRBS mhYFP-SalOpt lacO1.1 lacO1.2,PleuWT.1minRBS mhYFP,pTORC50,5,Ampicillin,116083.37124658783,52.547770700636946
E6,PRT14_6,0.6536666666666666,0.5513333333333333,90516.41666666669,54.5,2024_08_20,Salmonella enterica Typhimurium SL1344,ΔtopA::cat,pBR322 PleuWT.1minRBS mhYFP-SalOpt lacO1.1 lacO1.2,PleuWT.1minRBS mhYFP,pTORC50,6,Ampicillin,138474.88526262113,83.37582865884754
E7,PRT14_6,0.7036666666666667,0.5923333333333334,482.41666666666663,10187.5,2024_08_20,Salmonella enterica Typhimurium SL1344,ΔtopA::cat,pBR322 PleuWT.1min mRaspberry-SalOpt lacO1.1 lacO1.2,PleuWT.1min mRaspberry,pTORC63,5,Ampicillin,685.5755566082424,14477.735670298436
E8,PRT14_6,0.6766666666666666,0.56033333333333335,569.4166666666666,10775.5,2024_08_20,Salmonella enterica Typhimurium SL1344,ΔtopA::cat,pBR322 PleuWT.1min mRaspberry-SalOpt lacO1.1 lacO1.2,PleuWT.1min mRaspberry,pTORC63,6,Ampicillin,841.5024630541872,15924.384236453205
E9,PRT14_6,0.7086666666666667,0.5883333333333334,445.41666666666663,23420.5,2024_08_20,Salmonella enterica Typhimurium SL1344,ΔtopA::cat,pBR322 PleuWT.1minRBS mRaspberry-SalOpt lacO1.1 lacO1.2,PleuWT.1minRBS mRaspberry,pTORC64,5,Ampicillin,628.5277516462841,33048.68297271872
E10,PRT14_6,0.6846666666666666,0.56033333333333335,526.4166666666666,26480.5,2024_08_20,Salmonella enterica Typhimurium SL1344,ΔtopA::cat,pBR322 PleuWT.1minRBS mRaspberry-SalOpt lacO1.1 lacO1.2,PleuWT.1minRBS mRaspberry,pTORC64,6,Ampicillin,768.8656280428432,38676.484907497565
E11,PRT14_6,0.7256666666666667,0.6213333333333333,23624.416666666668,52.5,2024_08_20,Salmonella enterica Typhimurium SL1344,ΔtopA::cat,pBR322 PleuWT.1 mhYFP-SalOpt lacO1.1 lacO1.2,PleuWT.1 mhYFP,pTORC65,5,Ampicillin,32555.466237942124,72.34726688102894
E12,PRT14_6,0.7576666666666666,0.6423333333333333,23094.416666666668,70.5,2024_08_20,Salmonella enterica Typhimurium SL1344,ΔtopA::cat,pBR322 PleuWT.1 mhYFP-SalOpt lacO1.1 lacO1.2,PleuWT.1 mhYFP,pTORC65,6,Ampicillin,30480.97228332601,93.04883413990322
F1,PRT14_6,0.6796666666666666,0.5673333333333334,440.41666666666663,56.5,2024_08_20,Salmonella enterica Typhimurium SL1344,ΔSL1483::lacIMG1655-FRT ΔtopA::cat,pBR322,None,pTORC1,5,Ampicillin,647.9892103972535,83.12898479646886
F2,PRT14_6,0.6926666666666667,0.5803333333333334,434.41666666666663,51.5,2024_08_20,Salmonella enterica Typhimurium SL1344,ΔSL1483::lacIMG1655-FRT ΔtopA::cat,pBR322,None,pTORC1,6,Ampicillin,627.1655437921078,74.35033686236767
F3,PRT14_6,0.6976666666666667,0.5853333333333334,15331.416666666666,60.5,2024_08_20,Salmonella enterica Typhimurium SL1344,ΔSL1483::lacIMG1655-FRT ΔtopA::cat,pBR322 PleuWT.1min mhYFP-SalOpt lacO1.1 lacO1.2,PleuWT.1min mhYFP,pTORC49,5,Ampicillin,21975.274725274725,86.71763019589106
F4,PRT14_6,0.68966666666666665,0.5793333333333334,15294.416666666666,60.5,2024_08_20,Salmonella enterica Typhimurium SL1344,ΔSL1483::lacIMG1655-FRT ΔtopA::cat,pBR322 PleuWT.1min mhYFP-SalOpt lacO1.1 lacO1.2,PleuWT.1min mhYFP,pTORC49,6,Ampicillin,22176.53455775737,87.72353794103432
F5,PRT14_6,0.7076666666666667,0.5983333333333334,50101.416666666664,61.5,2024_08_20,Salmonella enterica Typhimurium SL1344,ΔSL1483::lacIMG1655-FRT ΔtopA::cat,pBR322 PleuWT.1minRBS mhYFP-SalOpt lacO1.1 lacO1.2,PleuWT.1minRBS mhYFP,pTORC50,5,Ampicillin,70798.04521902968,86.905322656618
F6,PRT14_6,0.7206666666666667,0.6083333333333333,50135.416666666664,41.5,2024_08_20,Salmonella enterica Typhimurium SL1344,ΔSL1483::lacIMG1655-FRT ΔtopA::cat,pBR322 PleuWT.1minRBS mhYFP-SalOpt lacO1.1 lacO1.2,PleuWT.1minRBS mhYFP,pTORC50,6,Ampicillin,69568.10823311748,57.58556891766882
F7,PRT14_6,0.6796666666666666,0.5673333333333334,449.41666666666663,7479.5,2024_08_20,Salmonella enterica Typhimurium SL1344,ΔSL1483::lacIMG1655-FRT ΔtopA::cat,pBR322 PleuWT.1min mRaspberry-SalOpt lacO1.1 lacO1.2,PleuWT.1min mRaspberry,pTORC63,5,Ampicillin,661.2309955860716,11004.65914664051
F8,PRT14_6,0.6846666666666666,0.5683333333333334,402.41666666666663,6510.5,2024_08_20,Salmonella enterica Typhimurium SL1344,ΔSL1483::lacIMG1655-FRT ΔtopA::cat,pBR322 PleuWT.1min mRaspberry-SalOpt lacO1.1 lacO1.2,PleuWT.1min mRaspberry,pTORC63,6,Ampicillin,587.7555988315481,9509.006815968842
F9,PRT14_6,0.6906666666666667,0.5723333333333334,395.41666666666663,17525.5,2024_08_20,Salmonella enterica Typhimurium SL1344,ΔSL1483::lacIMG1655-FRT ΔtopA::cat,pBR322 PleuWT.1minRBS mRaspberry-SalOpt lacO1.1 lacO1.2,PleuWT.1minRBS mRaspberry,pTORC64,5,Ampicillin,572.5144787644787,25374.758687258687
F10,PRT14_6,0.6936666666666667,0.5733333333333334,372.41666666666663,17754.5,2024_08_20,Salmonella enterica Typhimurium SL1344,ΔSL1483::lacIMG1655-FRT ΔtopA::cat,pBR322 PleuWT.1minRBS mRaspberry-SalOpt lacO1.1 lacO1.2,PleuWT.1minRBS mRaspberry,pTORC64,6,Ampicillin,536.8813070639115,25595.14656415185
F11,PRT14_6,0.7356666666666666,0.6243333333333333,23352.416666666668,66.5,2024_08_20,Salmonella enterica Typhimurium SL1344,ΔSL1483::lacIMG1655-FRT ΔtopA::cat,pBR322 PleuWT.1 mhYFP-SalOpt lacO1.1 lacO1.2,PleuWT.1 mhYFP,pTORC65,5,Ampicillin,31743.203443588587,90.39420027186226
F12,PRT14_6,0.7046666666666667,0.5913333333333334,23905.416666666668,50.5,2024_08_20,Salmonella enterica Typhimurium SL1344,ΔSL1483::lacIMG1655-FRT ΔtopA::cat,pBR322 PleuWT.1 mhYFP-SalOpt lacO1.1 lacO1.2,PleuWT.1 mhYFP,pTORC65,6,Ampicillin,33924.43235572375,71.6650898770104
A1,PRT14_6,0.78025,0.65125,621,88,2024_08_21,Escherichia coli K12 MG1655,WT,pBR322,None,pTORC1,7,Ampicillin,795.8987504005127,112.78436398590196
A2,PRT14_6,0.81625,0.69025,579,72,2024_08_21,Escherichia coli K12 MG1655,WT,pBR322,None,pTORC1,8,Ampicillin,709.3415007656968,88.208269525268
A3,PRT14_6,0.75125,0.63725,12139,81,2024_08_21,Escherichia coli K12 MG1655,WT,pBR322 PleuWT.1min mhYFP-SalOpt lacO1.1 lacO1.2,PleuWT.1min mhYFP,pTORC49,7,Ampicillin,16158.40266222962,107.82029950083196
A4,PRT14_6,0.69925,0.57425,13965,80,2024_08_21,Escherichia coli K12 MG1655,WT,pBR322 PleuWT.1min mhYFP-SalOpt lacO1.1 lacO1.2,PleuWT.1min mhYFP,pTORC49,8,Ampicillin,19971.39792634966,114.4082946013586
A5,PRT14_6,0.79425,0.67125,51949,86,2024_08_21,Escherichia coli K12 MG1655,WT,pBR322 PleuWT.1minRBS mhYFP-SalOpt lacO1.1 lacO1.2,PleuWT.1minRBS mhYFP,pTORC50,7,Ampicillin,65406.358199559334,108.2782499213094
A6,PRT14_6,0.73925,0.62525,54660,90,2024_08_21,Escherichia coli K12 MG1655,WT,pBR322 PleuWT.1minRBS mhYFP-SalOpt lacO1.1 lacO1.2,PleuWT.1minRBS mhYFP,pTORC50,8,Ampicillin,73939.80385525871,121.7450118363206
A7,PRT14_6,0.72725,0.6072500000000001,612,5169,2024_08_21,Escherichia coli K12 MG1655,WT,pBR322 PleuWT.1min mRaspberry-SalOpt lacO1.1 lacO1.2,PleuWT.1min mRaspberry,pTORC63,7,Ampicillin,841.5262976968031,7107.597112409763
A8,PRT14_6,0.71825,0.58625,474,5678,2024_08_21,Escherichia coli K12 MG1655,WT,pBR322 PleuWT.1min mRaspberry-SalOpt lacO1.1 lacO1.2,PleuWT.1min mRaspberry,pTORC63,8,Ampicillin,659.9373477201531,7905.325443786982
A9,PRT14_6,0.72625,0.57125,642,36361,2024_08_21,Escherichia coli K12 MG1655,WT,pBR322 PleuWT.1minRBS mRaspberry-SalOpt lacO1.1 lacO1.2,PleuWT.1minRBS mRaspberry,pTORC64,7,Ampicillin,883.9931153184166,50066.78141135973
A10,PRT14_6,0.7202500000000001,0.57325,471,36676,2024_08_21,Escherichia coli K12 MG1655,WT,pBR322 PleuWT.1minRBS mRaspberry-SalOpt lacO1.1 lacO1.2,PleuWT.1minRBS mRaspberry,pTORC64,8,Ampicillin,653.939604304061,50921.20791391878
A11,PRT14_6,0.71825,0.58225,14014,97,2024_08_21,Escherichia coli K12 MG1655,WT,pBR322 PleuWT.1 mhYFP-SalOpt lacO1.1 lacO1.2,PleuWT.1 mhYFP,pTORC65,7,Ampicillin,19511.31221719457,135.05046989209885
A12,PRT14_6,0.71225,0.58525,14763,93,2024_08_21,Escherichia coli K12 MG1655,WT,pBR322 PleuWT.1 mhYFP-SalOpt lacO1.1 lacO1.2,PleuWT.1 mhYFP,pTORC65,8,Ampicillin,20727.272727272724,130.57213057213056
B1,PRT14_6,0.69225,0.58325,956,66,2024_08_21,Escherichia coli K12 MG1655,ΔtopA::cat,pBR322,None,pTORC1,7,Ampicillin,1381.0039725532683,95.34127843986998
B2,PRT14_6,0.67425,0.57225,795,76,2024_08_21,Escherichia coli K12 MG1655,ΔtopA::cat,pBR322,None,pTORC1,8,Ampicillin,1179.08787541713,112.71783463107155
B3,PRT14_6,0.5972500000000001,0.50125,7073,71,2024_08_21,Escherichia coli K12 MG1655,ΔtopA::cat,pBR322 PleuWT.1min mhYFP-SalOpt lacO1.1 lacO1.2,PleuWT.1min mhYFP,pTORC49,7,Ampicillin,11842.611971536206,118.8781917120134
B4,PRT14_6,0.61225,0.50825,7050,73,2024_08_21,Escherichia coli K12 MG1655,ΔtopA::cat,pBR322 PleuWT.1min mhYFP-SalOpt lacO1.1 lacO1.2,PleuWT.1min mhYFP,pTORC49,8,Ampicillin,11514.904042466314,119.23233973050225
B5,PRT14_6,0.69525,0.58525,46429,71,2024_08_21,Escherichia coli K12 MG1655,ΔtopA::cat,pBR322 PleuWT.1minRBS mhYFP-SalOpt lacO1.1 lacO1.2,PleuWT.1minRBS mhYFP,pTORC50,7,Ampicillin,66780.29485796476,102.1215390147429
B6,PRT14_6,0.69925,0.58925,48028,69,2024_08_21,Escherichia coli K12 MG1655,ΔtopA::cat,pBR322 PleuWT.1minRBS mhYFP-SalOpt lacO1.1 lacO1.2,PleuWT.1minRBS mhYFP,pTORC50,8,Ampicillin,68685.01966392563,98.6771540936718
B7,PRT14_6,0.66625,0.55725,919,3812,2024_08_21,Escherichia coli K12 MG1655,ΔtopA::cat,pBR322 PleuWT.1min mRaspberry-SalOpt lacO1.1 lacO1.2,PleuWT.1min mRaspberry,pTORC63,7,Ampicillin,1379.3621013133209,5721.575984990619
B8,PRT14_6,0.64825,0.53925,729,3869,2024_08_21,Escherichia coli K12 MG1655,ΔtopA::cat,pBR322 PleuWT.1min mRaspberry-SalOpt lacO1.1 lacO1.2,PleuWT.1min mRaspberry,pTORC63,8,Ampicillin,1124.5661396066332,5968.376397994601
B9,PRT14_6,0.79025,0.66825,1036,26604,2024_08_21,Escherichia coli K12 MG1655,ΔtopA::cat,pBR322 PleuWT.1minRBS mRaspberry-SalOpt lacO1.1 lacO1.2,PleuWT.1minRBS mRaspberry,pTORC64,7,Ampicillin,1310.977538753559,33665.29579247074
B10,PRT14_6,0.71525,0.5992500000000001,971,22949,2024_08_21,Escherichia coli K12 MG1655,ΔtopA::cat,pBR322 PleuWT.1minRBS mRaspberry-SalOpt lacO1.1 lacO1.2,PleuWT.1minRBS mRaspberry,pTORC64,8,Ampicillin,1357.5672841663752,32085.284865431662
B11,PRT14_6,0.65325,0.54225,11845,93,2024_08_21,Escherichia coli K12 MG1655,ΔtopA::cat,pBR322 PleuWT.1 mhYFP-SalOpt lacO1.1 lacO1.2,PleuWT.1 mhYFP,pTORC65,7,Ampicillin,18132.41484883276,142.3650975889782
B12,PRT14_6,0.68625,0.57525,12055,82,2024_08_21,Escherichia coli K12 MG1655,ΔtopA::cat,pBR322 PleuWT.1 mhYFP-SalOpt lacO1.1 lacO1.2,PleuWT.1 mhYFP,pTORC65,8,Ampicillin,17566.48451730419,119.48998178506376
C1,PRT14_6,0.80325,0.69225,1332,66,2024_08_21,Escherichia coli K12 MG1655,ΔlacIZYA::FRT ΔtopA::cat,pBR322,None,pTORC1,7,Ampicillin,1658.2633053221289,82.16619981325863
C2,PRT14_6,0.78225,0.67525,1199,67,2024_08_21,Escherichia coli K12 MG1655,ΔlacIZYA::FRT ΔtopA::cat,pBR322,None,pTORC1,8,Ampicillin,1532.7580696708214,85.65036752956216
C3,PRT14_6,0.75925,0.65325,14877,60,2024_08_21,Escherichia coli K12 MG1655,ΔlacIZYA::FRT ΔtopA::cat,pBR322 PleuWT.1min mhYFP-SalOpt lacO1.1 lacO1.2,PleuWT.1min mhYFP,pTORC49,7,Ampicillin,19594.33651629898,79.02535396773132
C4,PRT14_6,0.77325,0.66925,14513,55,2024_08_21,Escherichia coli K12 MG1655,ΔlacIZYA::FRT ΔtopA::cat,pBR322 PleuWT.1min mhYFP-SalOpt lacO1.1 lacO1.2,PleuWT.1min mhYFP,pTORC49,8,Ampicillin,18768.83284836728,71.12835434852893
C5,PRT14_6,0.75725,0.65525,70384,56,2024_08_21,Escherichia coli K12 MG1655,ΔlacIZYA::FRT ΔtopA::cat,pBR322 PleuWT.1minRBS mhYFP-SalOpt lacO1.1 lacO1.2,PleuWT.1minRBS mhYFP,pTORC50,7,Ampicillin,92946.84714427203,73.95179927368768
C6,PRT14_6,0.77325,0.66925,68918,65,2024_08_21,Escherichia coli K12 MG1655,ΔlacIZYA::FRT ΔtopA::cat,pBR322 PleuWT.1minRBS mhYFP-SalOpt lacO1.1 lacO1.2,PleuWT.1minRBS mhYFP,pTORC50,8,Ampicillin,89127.70772712577,84.06078241189783
C7,PRT14_6,0.67625,0.58025,1376,4026,2024_08_21,Escherichia coli K12 MG1655,ΔlacIZYA::FRT ΔtopA::cat,pBR322 PleuWT.1min mRaspberry-SalOpt lacO1.1 lacO1.2,PleuWT.1min mRaspberry,pTORC63,7,Ampicillin,2034.750462107209,5953.419593345656
C8,PRT14_6,0.63625,0.54425,1290,3845,2024_08_21,Escherichia coli K12 MG1655,ΔlacIZYA::FRT ΔtopA::cat,pBR322 PleuWT.1min mRaspberry-SalOpt lacO1.1 lacO1.2,PleuWT.1min mRaspberry,pTORC63,8,Ampicillin,2027.5049115913555,6043.222003929273
C9,PRT14_6,0.74525,0.61925,1119,32190,2024_08_21,Escherichia coli K12 MG1655,ΔlacIZYA::FRT ΔtopA::cat,pBR322 PleuWT.1minRBS mRaspberry-SalOpt lacO1.1 lacO1.2,PleuWT.1minRBS mRaspberry,pTORC64,7,Ampicillin,1501.509560550151,43193.559208319355
C10,PRT14_6,0.7232500000000001,0.5972500000000001,1094,32185,2024_08_21,Escherichia coli K12 MG1655,ΔlacIZYA::FRT ΔtopA::cat,pBR322 PleuWT.1minRBS mRaspberry-SalOpt lacO1.1 lacO1.2,PleuWT.1minRBS mRaspberry,pTORC64,8,Ampicillin,1512.6166609056345,44500.51849291393
C11,PRT14_6,0.73825,0.63125,10740,74,2024_08_21,Escherichia coli K12 MG1655,ΔlacIZYA::FRT ΔtopA::cat,pBR322 PleuWT.1 mhYFP-SalOpt lacO1.1 lacO1.2,PleuWT.1 mhYFP,pTORC65,7,Ampicillin,14547.917372163902,100.23704707077547
C12,PRT14_6,0.69925,0.59325,10998,70,2024_08_21,Escherichia coli K12 MG1655,ΔlacIZYA::FRT ΔtopA::cat,pBR322 PleuWT.1 mhYFP-SalOpt lacO1.1 lacO1.2,PleuWT.1 mhYFP,pTORC65,8,Ampicillin,15728.280300321772,100.10725777618876
D1,PRT14_6,0.58825,0.4642500000000001,616,69,2024_08_21,Salmonella enterica Typhimurium SL1344,WT,pBR322,None,pTORC1,7,Ampicillin,1047.1738206544835,117.29706757331066
D2,PRT14_6,0.57125,0.45325,562,71,2024_08_21,Salmonella enterica Typhimurium SL1344,WT,pBR322,None,pTORC1,8,Ampicillin,983.8074398249452,124.28884026258206
D3,PRT14_6,0.59125,0.47025000000000006,12621,64,2024_08_21,Salmonella enterica Typhimurium SL1344,WT,pBR322 PleuWT.1min mhYFP-SalOpt lacO1.1 lacO1.2,PleuWT.1min mhYFP,pTORC49,7,Ampicillin,21346.30021141649,108.24524312896403
D4,PRT14_6,0.58225,0.46725000000000005,12570,76,2024_08_21,Salmonella enterica Typhimurium SL1344,WT,pBR322 PleuWT.1min mhYFP-SalOpt lacO1.1 lacO1.2,PleuWT.1min mhYFP,pTORC49,8,Ampicillin,21588.66466294547,130.5281236582224
D5,PRT14_6,0.63325,0.51225,69747,63,2024_08_21,Salmonella enterica Typhimurium SL1344,WT,pBR322 PleuWT.1minRBS mhYFP-SalOpt lacO1.1 lacO1.2,PleuWT.1minRBS mhYFP,pTORC50,7,Ampicillin,110141.33438610344,99.48677457560206
D6,PRT14_6,0.62525,0.50825,69614,58,2024_08_21,Salmonella enterica Typhimurium SL1344,WT,pBR322 PleuWT.1minRBS mhYFP-SalOpt lacO1.1 lacO1.2,PleuWT.1minRBS mhYFP,pTORC50,8,Ampicillin,111337.86485405838,92.76289484206318
D7,PRT14_6,0.58925,0.46825000000000006,639,5289,2024_08_21,Salmonella enterica Typhimurium SL1344,WT,pBR322 PleuWT.1min mRaspberry-SalOpt lacO1.1 lacO1.2,PleuWT.1min mRaspberry,pTORC63,7,Ampicillin,1084.4293593551124,8975.816716164616
D8,PRT14_6,0.57325,0.45525,620,4870,2024_08_21,Salmonella enterica Typhimurium SL1344,WT,pBR322 PleuWT.1min mRaspberry-SalOpt lacO1.1 lacO1.2,PleuWT.1min mRaspberry,pTORC63,8,Ampicillin,1081.552551242913,8495.420846053205
D9,PRT14_6,0.61225,0.47625000000000006,607,20079,2024_08_21,Salmonella enterica Typhimurium SL1344,WT,pBR322 PleuWT.1minRBS mRaspberry-SalOpt lacO1.1 lacO1.2,PleuWT.1minRBS mRaspberry,pTORC64,7,Ampicillin,991.425071457738,32795.42670477746
D10,PRT14_6,0.60425,0.47225000000000006,611,20314,2024_08_21,Salmonella enterica Typhimurium SL1344,WT,pBR322 PleuWT.1minRBS mRaspberry-SalOpt lacO1.1 lacO1.2,PleuWT.1minRBS mRaspberry,pTORC64,8,Ampicillin,1011.1708729830368,33618.535374431114
D11,PRT14_6,0.62425,0.49825,12307,65,2024_08_21,Salmonella enterica Typhimurium SL1344,WT,pBR322 PleuWT.1 mhYFP-SalOpt lacO1.1 lacO1.2,PleuWT.1 mhYFP,pTORC65,7,Ampicillin,19714.85782939527,104.12494993992792
D12,PRT14_6,0.65625,0.52625,12857,79,2024_08_21,Salmonella enterica Typhimurium SL1344,WT,pBR322 PleuWT.1 mhYFP-SalOpt lacO1.1 lacO1.2,PleuWT.1 mhYFP,pTORC65,8,Ampicillin,19591.61904761905,120.38095238095238
E1,PRT14_6,0.67625,0.55925,617,53,2024_08_21,Salmonella enterica Typhimurium SL1344,ΔtopA::cat,pBR322,None,pTORC1,7,Ampicillin,912.384473197782,78.37338262476895
E2,PRT14_6,0.65425,0.54725,670,75,2024_08_21,Salmonella enterica Typhimurium SL1344,ΔtopA::cat,pBR322,None,pTORC1,8,Ampicillin,1024.0733664501338,114.6350783339702
E3,PRT14_6,0.68825,0.56125,21263,65,2024_08_21,Salmonella enterica Typhimurium SL1344,ΔtopA::cat,pBR322 PleuWT.1min mhYFP-SalOpt lacO1.1 lacO1.2,PleuWT.1min mhYFP,pTORC49,7,Ampicillin,30894.297130403196,94.4424264438794
E4,PRT14_6,0.66725,0.54625,21200,85,2024_08_21,Salmonella enterica Typhimurium SL1344,ΔtopA::cat,pBR322 PleuWT.1min mhYFP-SalOpt lacO1.1 lacO1.2,PleuWT.1min mhYFP,pTORC49,8,Ampicillin,31772.199325590107,127.38853503184713
E5,PRT14_6,0.7232500000000001,0.61925,82967,50,2024_08_21,Salmonella enterica Typhimurium SL1344,ΔtopA::cat,pBR322 PleuWT.1minRBS mhYFP-SalOpt lacO1.1 lacO1.2,PleuWT.1minRBS mhYFP,pTORC50,7,Ampicillin,114714.13757345316,69.1323885240235
E6,PRT14_6,0.60425,0.50625,78840,41,2024_08_21,Salmonella enterica Typhimurium SL1344,ΔtopA::cat,pBR322 PleuWT.1minRBS mhYFP-SalOpt lacO1.1 lacO1.2,PleuWT.1minRBS mhYFP,pTORC50,8,Ampicillin,130475.7964418701,67.85270997103848
E7,PRT14_6,0.68825,0.57925,581,9390,2024_08_21,Salmonella enterica Typhimurium SL1344,ΔtopA::cat,pBR322 PleuWT.1min mRaspberry-SalOpt lacO1.1 lacO1.2,PleuWT.1min mRaspberry,pTORC63,7,Ampicillin,844.169996367599,13643.2982201235
E8,PRT14_6,0.67825,0.56725,670,8708,2024_08_21,Salmonella enterica Typhimurium SL1344,ΔtopA::cat,pBR322 PleuWT.1min mRaspberry-SalOpt lacO1.1 lacO1.2,PleuWT.1min mRaspberry,pTORC63,8,Ampicillin,987.8363435311464,12838.923700700332
E9,PRT14_6,0.70425,0.58825,583,18751,2024_08_21,Salmonella enterica Typhimurium SL1344,ΔtopA::cat,pBR322 PleuWT.1minRBS mRaspberry-SalOpt lacO1.1 lacO1.2,PleuWT.1minRBS mRaspberry,pTORC64,7,Ampicillin,827.831025914093,26625.488107916222
E10,PRT14_6,0.68525,0.56525,597,24588,2024_08_21,Salmonella enterica Typhimurium SL1344,ΔtopA::cat,pBR322 PleuWT.1minRBS mRaspberry-SalOpt lacO1.1 lacO1.2,PleuWT.1minRBS mRaspberry,pTORC64,8,Ampicillin,871.2148850784384,35881.79496534111
E11,PRT14_6,0.7222500000000001,0.61925,18916,49,2024_08_21,Salmonella enterica Typhimurium SL1344,ΔtopA::cat,pBR322 PleuWT.1 mhYFP-SalOpt lacO1.1 lacO1.2,PleuWT.1 mhYFP,pTORC65,7,Ampicillin,26190.37729318103,67.8435444790585
E12,PRT14_6,0.7222500000000001,0.61725,21282,66,2024_08_21,Salmonella enterica Typhimurium SL1344,ΔtopA::cat,pBR322 PleuWT.1 mhYFP-SalOpt lacO1.1 lacO1.2,PleuWT.1 mhYFP,pTORC65,8,Ampicillin,29466.251298026997,91.38110072689511
F1,PRT14_6,0.68025,0.56525,657,66,2024_08_21,Salmonella enterica Typhimurium SL1344,ΔSL1483::lacIMG1655-FRT ΔtopA::cat,pBR322,None,pTORC1,7,Ampicillin,965.8213891951488,97.0231532524807
F2,PRT14_6,0.68025,0.57125,656,63,2024_08_21,Salmonella enterica Typhimurium SL1344,ΔSL1483::lacIMG1655-FRT ΔtopA::cat,pBR322,None,pTORC1,8,Ampicillin,964.351341418596,92.613009922822485
F3,PRT14_6,0.69625,0.58425,14781,56,2024_08_21,Salmonella enterica Typhimurium SL1344,ΔSL1483::lacIMG1655-FRT ΔtopA::cat,pBR322 PleuWT.1min mhYFP-SalOpt lacO1.1 lacO1.2,PleuWT.1min mhYFP,pTORC49,7,Ampicillin,21229.443447037705,80.43087971274686
F4,PRT14_6,0.67925,0.57325,15102,51,2024_08_21,Salmonella enterica Typhimurium SL1344,ΔSL1483::lacIMG1655-FRT ΔtopA::cat,pBR322 PleuWT.1min mhYFP-SalOpt lacO1.1 lacO1.2,PleuWT.1min mhYFP,pTORC49,8,Ampicillin,22233.345601766658,75.08281192491718
F5,PRT14_6,0.64625,0.54225,11029,34,2024_08_21,Salmonella enterica Typhimurium SL1344,ΔSL1483::lacIMG1655-FRT ΔtopA::cat,pBR322 PleuWT.1minRBS mhYFP-SalOpt lacO1.1 lacO1.2,PleuWT.1minRBS mhYFP,pTORC50,7,Ampicillin,17066.15087040619,52.61121856866538
F6,PRT14_6,0.71325,0.6032500000000001,41750,53,2024_08_21,Salmonella enterica Typhimurium SL1344,ΔSL1483::lacIMG1655-FRT ΔtopA::cat,pBR322 PleuWT.1minRBS mhYFP-SalOpt lacO1.1 lacO1.2,PleuWT.1minRBS mhYFP,pTORC50,8,Ampicillin,58534.87556957588,74.30774623203645
F7,PRT14_6,0.67925,0.57125,661,5151,2024_08_21,Salmonella enterica Typhimurium SL1344,ΔSL1483::lacIMG1655-FRT ΔtopA::cat,pBR322 PleuWT.1min mRaspberry-SalOpt lacO1.1 lacO1.2,PleuWT.1min mRaspberry,pTORC63,7,Ampicillin,973.1321310268678,7583.364004416636
F8,PRT14_6,0.69025,0.58125,610,5553,2024_08_21,Salmonella enterica Typhimurium SL1344,ΔSL1483::lacIMG1655-FRT ΔtopA::cat,pBR322 PleuWT.1min mRaspberry-SalOpt lacO1.1 lacO1.2,PleuWT.1min mRaspberry,pTORC63,8,Ampicillin,883.737776168055,8044.911264034769
F9,PRT14_6,0.69325,0.57925,564,15889,2024_08_21,Salmonella enterica Typhimurium SL1344,ΔSL1483::lacIMG1655-FRT ΔtopA::cat,pBR322 PleuWT.1minRBS mRaspberry-SalOpt lacO1.1 lacO1.2,PleuWT.1minRBS mRaspberry,pTORC64,7,Ampicillin,813.5593220338983,22919.581680490443
F10,PRT14_6,0.67925,0.56325,542,16924,2024_08_21,Salmonella enterica Typhimurium SL1344,ΔSL1483::lacIMG1655-FRT ΔtopA::cat,pBR322 PleuWT.1minRBS mRaspberry-SalOpt lacO1.1 lacO1.2,PleuWT.1minRBS mRaspberry,pTORC64,8,Ampicillin,797.938903202061,24915.71586308428
F11,PRT14_6,0.69825,0.59225,22800,57,2024_08_21,Salmonella enterica Typhimurium SL1344,ΔSL1483::lacIMG1655-FRT ΔtopA::cat,pBR322 PleuWT.1 mhYFP-SalOpt lacO1.1 lacO1.2,PleuWT.1 mhYFP,pTORC65,7,Ampicillin,32653.061224489793,81.63265306122449
F12,PRT14_6,0.70725,0.5982500000000001,23062,73,2024_08_21,Salmonella enterica Typhimurium SL1344,ΔSL1483::lacIMG1655-FRT ΔtopA::cat,pBR322 PleuWT.1 mhYFP-SalOpt lacO1.1 lacO1.2,PleuWT.1 mhYFP,pTORC65,8,Ampicillin,32607.988688582536,103.21668434075644
A1,PRT14_6,0.7724166666666666,0.64525,12667.25,90.5,2024_08_22,Escherichia coli K12 MG1655,WT,pBR322,None,pTORC1,9,Ampicillin,16399.503722084366,117.1647426906894
A2,PRT14_6,0.6914166666666667,0.57825,459.25,98.5,2024_08_22,Escherichia coli K12 MG1655,WT,pBR322,None,pTORC1,10,Ampicillin,664.2159816801253,142.4611305291069
A3,PRT14_6,0.7344166666666666,0.62425,12014.25,86.5,2024_08_22,Escherichia coli K12 MG1655,WT,pBR322 PleuWT.1min mhYFP-SalOpt lacO1.1 lacO1.2,PleuWT.1min mhYFP,pTORC49,9,Ampicillin,16358.901622602974,117.7805514580733
A4,PRT14_6,0.7354166666666666,0.62325,12170.25,82.5,2024_08_22,Escherichia coli K12 MG1655,WT,pBR322 PleuWT.1min mhYFP-SalOpt lacO1.1 lacO1.2,PleuWT.1min mhYFP,pTORC49,10,Ampicillin,16548.781869688388,112.18130311614732
A5,PRT14_6,0.7564166666666666,0.64525,48693.25,86.5,2024_08_22,Escherichia coli K12 MG1655,WT,pBR322 PleuWT.1minRBS mhYFP-SalOpt lacO1.1 lacO1.2,PleuWT.1minRBS mhYFP,pTORC50,9,Ampicillin,64373.58157981712,114.35496309353312
A6,PRT14_6,0.7024166666666667,0.59425,62724.25,127.5,2024_08_22,Escherichia coli K12 MG1655,WT,pBR322 PleuWT.1minRBS mhYFP-SalOpt lacO1.1 lacO1.2,PleuWT.1minRBS mhYFP,pTORC50,10,Ampicillin,89297.78146873887,181.51619409182584
A7,PRT14_6,0.6884166666666667,0.57625,498.25,5161.5,2024_08_22,Escherichia coli K12 MG1655,WT,pBR322 PleuWT.1min mRaspberry-SalOpt lacO1.1 lacO1.2,PleuWT.1min mRaspberry,pTORC63,9,Ampicillin,723.7622563854255,7497.63951095509
A8,PRT14_6,0.6904166666666667,0.57925,398.25,5292.5,2024_08_22,Escherichia coli K12 MG1655,WT,pBR322 PleuWT.1min mRaspberry-SalOpt lacO1.1 lacO1.2,PleuWT.1min mRaspberry,pTORC63,10,Ampicillin,576.8255884127942,7665.660832830416
A9,PRT14_6,0.7004166666666667,0.56125,497.25,34429.5,2024_08_22,Escherichia coli K12 MG1655,WT,pBR322 PleuWT.1minRBS mRaspberry-SalOpt lacO1.1 lacO1.2,PleuWT.1minRBS mRaspberry,pTORC64,9,Ampicillin,709.9345627602618,49155.740630577035
A10,PRT14_6,0.6874166666666667,0.55325,430.25,35256.5,2024_08_22,Escherichia coli K12 MG1655,WT,pBR322 PleuWT.1minRBS mRaspberry-SalOpt lacO1.1 lacO1.2,PleuWT.1minRBS mRaspberry,pTORC64,10,Ampicillin,625.8940477633653,51288.39859376894
A11,PRT14_6,0.6594166666666667,0.54025,14565.25,98.5,2024_08_22,Escherichia coli K12 MG1655,WT,pBR322 PleuWT.1 mhYFP-SalOpt lacO1.1 lacO1.2,PleuWT.1 mhYFP,pTORC65,9,Ampicillin,22088.082901554404,149.3744471123468
A12,PRT14_6,0.6124166666666666,0.50325,15086.25,118.5,2024_08_22,Escherichia coli K12 MG1655,WT,pBR322 PleuWT.1 mhYFP-SalOpt lacO1.1 lacO1.2,PleuWT.1 mhYFP,pTORC65,10,Ampicillin,24633.96380459927,193.49571370254455
B1,PRT14_6,0.6744166666666667,0.57125,830.25,76.5,2024_08_22,Escherichia coli K12 MG1655,ΔtopA::cat,pBR322,None,pTORC1,9,Ampicillin,1231.063882367478,113.43136043494378
B2,PRT14_6,0.6064166666666666,0.50825,658.25,89.5,2024_08_22,Escherichia coli K12 MG1655,ΔtopA::cat,pBR322,None,pTORC1,10,Ampicillin,1085.4747835646558,147.58829187852135
B3,PRT14_6,0.5734166666666667,0.4762499999999999,7108.25,90.5,2024_08_22,Escherichia coli K12 MG1655,ΔtopA::cat,pBR322 PleuWT.1min mhYFP-SalOpt lacO1.1 lacO1.2,PleuWT.1min mhYFP,pTORC49,9,Ampicillin,12396.308676064526,157.8258973986339
B4,PRT14_6,0.5824166666666666,0.48425,6826.25,73.5,2024_08_22,Escherichia coli K12 MG1655,ΔtopA::cat,pBR322 PleuWT.1min mhYFP-SalOpt lacO1.1 lacO1.2,PleuWT.1min mhYFP,pTORC49,10,Ampicillin,11720.560881385036,126.19831163256548
B5,PRT14_6,0.6454166666666666,0.54125,46316.25,95.5,2024_08_22,Escherichia coli K12 MG1655,ΔtopA::cat,pBR322 PleuWT.1minRBS mhYFP-SalOpt lacO1.1 lacO1.2,PleuWT.1minRBS mhYFP,pTORC50,9,Ampicillin,71761.78179470627,147.96642995480957
B6,PRT14_6,0.6744166666666667,0.57625,47016.25,69.5,2024_08_22,Escherichia coli K12 MG1655,ΔtopA::cat,pBR322 PleuWT.1minRBS mhYFP-SalOpt lacO1.1 lacO1.2,PleuWT.1minRBS mhYFP,pTORC50,10,Ampicillin,69713.95032744347,103.05202026442603
B7,PRT14_6,0.6384166666666666,0.53425,818.25,3722.5,2024_08_22,Escherichia coli K12 MG1655,ΔtopA::cat,pBR322 PleuWT.1min mRaspberry-SalOpt lacO1.1 lacO1.2,PleuWT.1min mRaspberry,pTORC63,9,Ampicillin,1281.686463908106,5830.831484140452
B8,PRT14_6,0.6554166666666666,0.55025,670.25,3704.5,2024_08_22,Escherichia coli K12 MG1655,ΔtopA::cat,pBR322 PleuWT.1min mRaspberry-SalOpt lacO1.1 lacO1.2,PleuWT.1min mRaspberry,pTORC63,10,Ampicillin,1022.6319135410045,5652.129688493325
B9,PRT14_6,0.7564166666666666,0.63325,819.25,27388.5,2024_08_22,Escherichia coli K12 MG1655,ΔtopA::cat,pBR322 PleuWT.1minRBS mRaspberry-SalOpt lacO1.1 lacO1.2,PleuWT.1minRBS mRaspberry,pTORC64,9,Ampicillin,1083.067092651757,36208.21857441886
B10,PRT14_6,0.6854166666666667,0.57625,797.25,26549.5,2024_08_22,Escherichia coli K12 MG1655,ΔtopA::cat,pBR322 PleuWT.1minRBS mRaspberry-SalOpt lacO1.1 lacO1.2,PleuWT.1minRBS mRaspberry,pTORC64,10,Ampicillin,1163.161094224924,38734.83282674772
B11,PRT14_6,0.6634166666666667,0.55925,10520.25,73.5,2024_08_22,Escherichia coli K12 MG1655,ΔtopA::cat,pBR322 PleuWT.1 mhYFP-SalOpt lacO1.1 lacO1.2,PleuWT.1 mhYFP,pTORC65,9,Ampicillin,15857.68119582967,110.7901017460118
B12,PRT14_6,0.6634166666666667,0.56325,11606.25,60.5,2024_08_22,Escherichia coli K12 MG1655,ΔtopA::cat,pBR322 PleuWT.1 mhYFP-SalOpt lacO1.1 lacO1.2,PleuWT.1 mhYFP,pTORC65,10,Ampicillin,17494.66147468911,91.19457354603692
C1,PRT14_6,0.7684166666666666,0.66125,1160.25,62.5,2024_08_22,Escherichia coli K12 MG1655,ΔlacIZYA::FRT ΔtopA::cat,pBR322,None,pTORC1,9,Ampicillin,1509.9230018436178,81.33608068539205
C2,PRT14_6,0.7424166666666666,0.64225,1124.25,57.5,2024_08_22,Escherichia coli K12 MG1655,ΔlacIZYA::FRT ΔtopA::cat,pBR322,None,pTORC1,10,Ampicillin,1514.3113705241892,77.44976989561118
C3,PRT14_6,0.7404166666666666,0.64025,14430.25,44.5,2024_08_22,Escherichia coli K12 MG1655,ΔlacIZYA::FRT ΔtopA::cat,pBR322 PleuWT.1min mhYFP-SalOpt lacO1.1 lacO1.2,PleuWT.1min mhYFP,pTORC49,9,Ampicillin,19489.36409679235,60.10129431626337
C4,PRT14_6,0.7524166666666666,0.65125,14511.25,53.5,2024_08_22,Escherichia coli K12 MG1655,ΔlacIZYA::FRT ΔtopA::cat,pBR322 PleuWT.1min mhYFP-SalOpt lacO1.1 lacO1.2,PleuWT.1min mhYFP,pTORC49,10,Ampicillin,19286.188946727212,71.10421973640493
C5,PRT14_6,0.7444166666666666,0.64325,68127.25,47.5,2024_08_22,Escherichia coli K12 MG1655,ΔlacIZYA::FRT ΔtopA::cat,pBR322 PleuWT.1minRBS mhYFP-SalOpt lacO1.1 lacO1.2,PleuWT.1minRBS mhYFP,pTORC50,9,Ampicillin,91517.63125489758,63.8083510578753
C6,PRT14_6,0.7594166666666666,0.65925,70254.25,55.5,2024_08_22,Escherichia coli K12 MG1655,ΔlacIZYA::FRT ΔtopA::cat,pBR322 PleuWT.1minRBS mhYFP-SalOpt lacO1.1 lacO1.2,PleuWT.1minRBS mhYFP,pTORC50,10,Ampicillin,92510.8087347745,73.0824097443213
C7,PRT14_6,0.5894166666666666,0.49525,1125.25,3809.5,2024_08_22,Escherichia coli K12 MG1655,ΔlacIZYA::FRT ΔtopA::cat,pBR322 PleuWT.1min mRaspberry-SalOpt lacO1.1 lacO1.2,PleuWT.1min mRaspberry,pTORC63,9,Ampicillin,1909.0909090909092,6463.169800650361
C8,PRT14_6,0.5914166666666666,0.50425,1125.25,3861.5,2024_08_22,Escherichia coli K12 MG1655,ΔlacIZYA::FRT ΔtopA::cat,pBR322 PleuWT.1min mRaspberry-SalOpt lacO1.1 lacO1.2,PleuWT.1min mRaspberry,pTORC63,10,Ampicillin,1902.6349161617588,6529.23770607299
C9,PRT14_6,0.7434166666666666,0.62325,983.25,30500.5,2024_08_22,Escherichia coli K12 MG1655,ΔlacIZYA::FRT ΔtopA::cat,pBR322 PleuWT.1minRBS mRaspberry-SalOpt lacO1.1 lacO1.2,PleuWT.1minRBS mRaspberry,pTORC64,9,Ampicillin,1322.6095729178344,41027.46328886897
C10,PRT14_6,0.6794166666666667,0.56925,945.25,31214.5,2024_08_22,Escherichia coli K12 MG1655,ΔlacIZYA::FRT ΔtopA::cat,pBR322 PleuWT.1minRBS mRaspberry-SalOpt lacO1.1 lacO1.2,PleuWT.1minRBS mRaspberry,pTORC64,10,Ampicillin,1391.2670182754814,45943.08843370539
C11,PRT14_6,0.7234166666666666,0.62225,10002.25,58.5,2024_08_22,Escherichia coli K12 MG1655,ΔlacIZYA::FRT ΔtopA::cat,pBR322 PleuWT.1 mhYFP-SalOpt lacO1.1 lacO1.2,PleuWT.1 mhYFP,pTORC65,9,Ampicillin,13826.402488192603,80.86625964750606
C12,PRT14_6,0.6644166666666667,0.56625,11109.25,65.5,2024_08_22,Escherichia coli K12 MG1655,ΔlacIZYA::FRT ΔtopA::cat,pBR322 PleuWT.1 mhYFP-SalOpt lacO1.1 lacO1.2,PleuWT.1 mhYFP,pTORC65,10,Ampicillin,16720.306032860906,98.58271666875706
D1,PRT14_6,0.5604166666666667,0.44625,472.25,66.5,2024_08_22,Salmonella enterica Typhimurium SL1344,WT,pBR322,None,pTORC1,9,Ampicillin,842.6765799256506,118.66171003717471
D2,PRT14_6,0.5054166666666666,0.40225,414.25,76.5,2024_08_22,Salmonella enterica Typhimurium SL1344,WT,pBR322,None,pTORC1,10,Ampicillin,819.6207749381699,151.3602638087387
D3,PRT14_6,0.5694166666666667,0.45525,12331.25,54.5,2024_08_22,Salmonella enterica Typhimurium SL1344,WT,pBR322 PleuWT.1min mhYFP-SalOpt lacO1.1 lacO1.2,PleuWT.1min mhYFP,pTORC49,9,Ampicillin,21655.934435826137,95.71198595053416
D4,PRT14_6,0.5384166666666667,0.42825,12123.25,52.5,2024_08_22,Salmonella enterica Typhimurium SL1344,WT,pBR322 PleuWT.1min mhYFP-SalOpt lacO1.1 lacO1.2,PleuWT.1min mhYFP,pTORC49,10,Ampicillin,22516.483516483517,97.50812567713976
D5,PRT14_6,0.5934166666666666,0.4782499999999999,65181.25,44.5,2024_08_22,Salmonella enterica Typhimurium SL1344,WT,pBR322 PleuWT.1minRBS mhYFP-SalOpt lacO1.1 lacO1.2,PleuWT.1minRBS mhYFP,pTORC50,9,Ampicillin,109840.6122735571,74.98946777138043
D6,PRT14_6,0.6274166666666666,0.51125,70302.25,60.5,2024_08_22,Salmonella enterica Typhimurium SL1344,WT,pBR322 PleuWT.1minRBS mhYFP-SalOpt lacO1.1 lacO1.2,PleuWT.1minRBS mhYFP,pTORC50,10,Ampicillin,112050.33869039714,96.42714835967593
D7,PRT14_6,0.5574166666666667,0.44525,512.25,4808.5,2024_08_22,Salmonella enterica Typhimurium SL1344,WT,pBR322 PleuWT.1min mRaspberry-SalOpt lacO1.1 lacO1.2,PleuWT.1min mRaspberry,pTORC63,9,Ampicillin,918.9714456570488,8626.401554791448
D8,PRT14_6,0.5394166666666667,0.42725,480.25,4725.5,2024_08_22,Salmonella enterica Typhimurium SL1344,WT,pBR322 PleuWT.1min mRaspberry-SalOpt lacO1.1 lacO1.2,PleuWT.1min mRaspberry,pTORC63,10,Ampicillin,890.313610381585,8760.38930943921
D9,PRT14_6,0.5704166666666667,0.44825,469.25,20113.5,2024_08_22,Salmonella enterica Typhimurium SL1344,WT,pBR322 PleuWT.1minRBS mRaspberry-SalOpt lacO1.1 lacO1.2,PleuWT.1minRBS mRaspberry,pTORC64,9,Ampicillin,822.6442658875092,35261.06647187728
D10,PRT14_6,0.5664166666666667,0.44525,462.25,19768.5,2024_08_22,Salmonella enterica Typhimurium SL1344,WT,pBR322 PleuWT.1minRBS mRaspberry-SalOpt lacO1.1 lacO1.2,PleuWT.1minRBS mRaspberry,pTORC64,10,Ampicillin,816.0953361777255,34900.98572899809
D11,PRT14_6,0.6244166666666666,0.50325,13535.25,55.5,2024_08_22,Salmonella enterica Typhimurium SL1344,WT,pBR322 PleuWT.1 mhYFP-SalOpt lacO1.1 lacO1.2,PleuWT.1 mhYFP,pTORC65,9,Ampicillin,21676.63152275457,88.88295742693181
D12,PRT14_6,0.5994166666666666,0.48325,12354.25,69.5,2024_08_22,Salmonella enterica Typhimurium SL1344,WT,pBR322 PleuWT.1 mhYFP-SalOpt lacO1.1 lacO1.2,PleuWT.1 mhYFP,pTORC65,10,Ampicillin,20610.4546086473,115.9460586681496
E1,PRT14_6,0.6514166666666666,0.53925,403.25,55.5,2024_08_22,Salmonella enterica Typhimurium SL1344,ΔtopA::cat,pBR322,None,pTORC1,9,Ampicillin,619.0354355891006,85.19892541895868
E2,PRT14_6,0.6314166666666666,0.52925,539.25,66.5,2024_08_22,Salmonella enterica Typhimurium SL1344,ΔtopA::cat,pBR322,None,pTORC1,10,Ampicillin,854.0319387620431,105.3187277286525
E3,PRT14_6,0.6464166666666666,0.53025,20107.25,60.5,2024_08_22,Salmonella enterica Typhimurium SL1344,ΔtopA::cat,pBR322 PleuWT.1min mhYFP-SalOpt lacO1.1 lacO1.2,PleuWT.1min mhYFP,pTORC49,9,Ampicillin,31105.710970736112,93.592883846848
E4,PRT14_6,0.6384166666666666,0.52325,21192.25,69.5,2024_08_22,Salmonella enterica Typhimurium SL1344,ΔtopA::cat,pBR322 PleuWT.1min mhYFP-SalOpt lacO1.1 lacO1.2,PleuWT.1min mhYFP,pTORC49,10,Ampicillin,33195.013705782534,108.86307270591308
E5,PRT14_6,0.6964166666666667,0.59625,45977.25,33.5,2024_08_22,Salmonella enterica Typhimurium SL1344,ΔtopA::cat,pBR322 PleuWT.1minRBS mhYFP-SalOpt lacO1.1 lacO1.2,PleuWT.1minRBS mhYFP,pTORC50,9,Ampicillin,66019.74392724661,48.10338638267321
E6,PRT14_6,0.6314166666666666,0.53425,82754.25,41.5,2024_08_22,Salmonella enterica Typhimurium SL1344,ΔtopA::cat,pBR322 PleuWT.1minRBS mhYFP-SalOpt lacO1.1 lacO1.2,PleuWT.1minRBS mhYFP,pTORC50,10,Ampicillin,131061.23795697506,65.72522106374555
E7,PRT14_6,0.6724166666666667,0.56925,426.25,8650.5,2024_08_22,Salmonella enterica Typhimurium SL1344,ΔtopA::cat,pBR322 PleuWT.1min mRaspberry-SalOpt lacO1.1 lacO1.2,PleuWT.1min mRaspberry,pTORC63,9,Ampicillin,633.9075474036435,12864.791176106086
E8,PRT14_6,0.6654166666666667,0.56225,532.25,8111.5,2024_08_22,Salmonella enterica Typhimurium SL1344,ΔtopA::cat,pBR322 PleuWT.1min mRaspberry-SalOpt lacO1.1 lacO1.2,PleuWT.1min mRaspberry,pTORC63,10,Ampicillin,799.8747651847214,12190.106449592988
E9,PRT14_6,0.6734166666666667,0.56325,361.25,22405.5,2024_08_22,Salmonella enterica Typhimurium SL1344,ΔtopA::cat,pBR322 PleuWT.1minRBS mRaspberry-SalOpt lacO1.1 lacO1.2,PleuWT.1minRBS mRaspberry,pTORC64,9,Ampicillin,536.4435094666502,33271.37730478901
E10,PRT14_6,0.6504166666666666,0.53725,469.25,22679.5,2024_08_22,Salmonella enterica Typhimurium SL1344,ΔtopA::cat,pBR322 PleuWT.1minRBS mRaspberry-SalOpt lacO1.1 lacO1.2,PleuWT.1minRBS mRaspberry,pTORC64,10,Ampicillin,721.460602178091,34869.18641896221
E11,PRT14_6,0.6874166666666667,0.58925,21474.25,44.5,2024_08_22,Salmonella enterica Typhimurium SL1344,ΔtopA::cat,pBR322 PleuWT.1 mhYFP-SalOpt lacO1.1 lacO1.2,PleuWT.1 mhYFP,pTORC65,9,Ampicillin,31239.059279912715,64.73511940841314
E12,PRT14_6,0.6794166666666667,0.57925,21843.25,55.5,2024_08_22,Salmonella enterica Typhimurium SL1344,ΔtopA::cat,pBR322 PleuWT.1 mhYFP-SalOpt lacO1.1 lacO1.2,PleuWT.1 mhYFP,pTORC65,10,Ampicillin,32150.00613271189,81.68772231080584
F1,PRT14_6,0.6494166666666666,0.54125,464.25,58.5,2024_08_22,Salmonella enterica Typhimurium SL1344,ΔSL1483::lacIMG1655-FRT ΔtopA::cat,pBR322,None,pTORC1,9,Ampicillin,714.8723213139998,90.0808417810856
F2,PRT14_6,0.6554166666666666,0.54925,495.25,53.5,2024_08_22,Salmonella enterica Typhimurium SL1344,ΔSL1483::lacIMG1655-FRT ΔtopA::cat,pBR322,None,pTORC1,10,Ampicillin,755.6261919898284,81.62746344564526
F3,PRT14_6,0.6844166666666667,0.57725,15912.25,46.5,2024_08_22,Salmonella enterica Typhimurium SL1344,ΔSL1483::lacIMG1655-FRT ΔtopA::cat,pBR322 PleuWT.1min mhYFP-SalOpt lacO1.1 lacO1.2,PleuWT.1min mhYFP,pTORC49,9,Ampicillin,23249.36076951175,67.94106903689273
F4,PRT14_6,0.6544166666666666,0.55425,13412.25,43.5,2024_08_22,Salmonella enterica Typhimurium SL1344,ΔSL1483::lacIMG1655-FRT ΔtopA::cat,pBR322 PleuWT.1min mhYFP-SalOpt lacO1.1 lacO1.2,PleuWT.1min mhYFP,pTORC49,10,Ampicillin,20494.970075130524,66.47141219915956
F5,PRT14_6,0.6894166666666667,0.58725,47525.25,46.5,2024_08_22,Salmonella enterica Typhimurium SL1344,ΔSL1483::lacIMG1655-FRT ΔtopA::cat,pBR322 PleuWT.1minRBS mhYFP-SalOpt lacO1.1 lacO1.2,PleuWT.1minRBS mhYFP,pTORC50,9,Ampicillin,68935.45267738427,67.4483258793666
F6,PRT14_6,0.6734166666666667,0.57225,49497.25,45.5,2024_08_22,Salmonella enterica Typhimurium SL1344,ΔSL1483::lacIMG1655-FRT ΔtopA::cat,pBR322 PleuWT.1minRBS mhYFP-SalOpt lacO1.1 lacO1.2,PleuWT.1minRBS mhYFP,pTORC50,10,Ampicillin,73501.6705853236,67.56589530998639
F7,PRT14_6,0.6554166666666666,0.55025,474.25,5525.5,2024_08_22,Salmonella enterica Typhimurium SL1344,ΔSL1483::lacIMG1655-FRT ΔtopA::cat,pBR322 PleuWT.1min mRaspberry-SalOpt lacO1.1 lacO1.2,PleuWT.1min mRaspberry,pTORC63,9,Ampicillin,723.5855054036872,8430.51493960585
F8,PRT14_6,0.6604166666666667,0.55425,468.25,5377.5,2024_08_22,Salmonella enterica Typhimurium SL1344,ΔSL1483::lacIMG1655-FRT ΔtopA::cat,pBR322 PleuWT.1min mRaspberry-SalOpt lacO1.1 lacO1.2,PleuWT.1min mRaspberry,pTORC63,10,Ampicillin,709.0220820189274,8142.586750788644
F9,PRT14_6,0.6614166666666667,0.55025,410.25,15284.5,2024_08_22,Salmonella enterica Typhimurium SL1344,ΔSL1483::lacIMG1655-FRT ΔtopA::cat,pBR322 PleuWT.1minRBS mRaspberry-SalOpt lacO1.1 lacO1.2,PleuWT.1minRBS mRaspberry,pTORC64,9,Ampicillin,620.2595439082777,23108.731258661963
F10,PRT14_6,0.6534166666666666,0.54425,397.25,15696.5,2024_08_22,Salmonella enterica Typhimurium SL1344,ΔSL1483::lacIMG1655-FRT ΔtopA::cat,pBR322 PleuWT.1minRBS mRaspberry-SalOpt lacO1.1 lacO1.2,PleuWT.1minRBS mRaspberry,pTORC64,10,Ampicillin,607.9581686009437,24022.191047060325
F11,PRT14_6,0.6774166666666667,0.57725,23061.25,50.5,2024_08_22,Salmonella enterica Typhimurium SL1344,ΔSL1483::lacIMG1655-FRT ΔtopA::cat,pBR322 PleuWT.1 mhYFP-SalOpt lacO1.1 lacO1.2,PleuWT.1 mhYFP,pTORC65,9,Ampicillin,34042.93271005044,74.54791487267806
F12,PRT14_6,0.6824166666666667,0.58025,25615.25,59.5,2024_08_22,Salmonella enterica Typhimurium SL1344,ΔSL1483::lacIMG1655-FRT ΔtopA::cat,pBR322 PleuWT.1 mhYFP-SalOpt lacO1.1 lacO1.2,PleuWT.1 mhYFP,pTORC65,10,Ampicillin,37536.084992062526,87.19013310538527
A1,PRT14_6,0.7836666666666666,0.6656666666666666,596.6666666666666,58,2024_08_23,Escherichia coli K12 MG1655,WT,pBR322,None,pTORC1,11,Ampicillin,761.3781369629945,74.01105912377712
A2,PRT14_6,0.7576666666666666,0.6456666666666666,513.6666666666666,53,2024_08_23,Escherichia coli K12 MG1655,WT,pBR322,None,pTORC1,12,Ampicillin,677.9586449626045,69.95160580730312
A3,PRT14_6,0.8166666666666667,0.6626666666666666,12862.666666666666,50,2024_08_23,Escherichia coli K12 MG1655,WT,pBR322 PleuWT.1min mhYFP-SalOpt lacO1.1 lacO1.2,PleuWT.1min mhYFP,pTORC49,11,Ampicillin,15750.204081632652,61.224489795918366
A4,PRT14_6,0.7196666666666667,0.6016666666666667,13202.666666666666,58,2024_08_23,Escherichia coli K12 MG1655,WT,pBR322 PleuWT.1min mhYFP-SalOpt lacO1.1 lacO1.2,PleuWT.1min mhYFP,pTORC49,12,Ampicillin,18345.530338119497,80.59286706808707
A5,PRT14_6,0.7706666666666666,0.6546666666666666,48986.666666666664,52,2024_08_23,Escherichia coli K12 MG1655,WT,pBR322 PleuWT.1minRBS mhYFP-SalOpt lacO1.1 lacO1.2,PleuWT.1minRBS mhYFP,pTORC50,11,Ampicillin,63564.01384083045,67.47404844290658
A6,PRT14_6,0.7956666666666666,0.6706666666666666,49498.666666666664,56,2024_08_23,Escherichia coli K12 MG1655,WT,pBR322 PleuWT.1minRBS mhYFP-SalOpt lacO1.1 lacO1.2,PleuWT.1minRBS mhYFP,pTORC50,12,Ampicillin,62210.30582320905,70.38123167155426
A7,PRT14_6,0.7256666666666667,0.6076666666666667,545.6666666666666,5858,2024_08_23,Escherichia coli K12 MG1655,WT,pBR322 PleuWT.1min mRaspberry-SalOpt lacO1.1 lacO1.2,PleuWT.1min mRaspberry,pTORC63,11,Ampicillin,751.9522278364722,8072.576940744143
A8,PRT14_6,0.7126666666666667,0.5856666666666667,452.66666666666663,6094,2024_08_23,Escherichia coli K12 MG1655,WT,pBR322 PleuWT.1min mRaspberry-SalOpt lacO1.1 lacO1.2,PleuWT.1min mRaspberry,pTORC63,12,Ampicillin,635.1730589335828,8550.982226379794
A9,PRT14_6,0.7006666666666667,0.5636666666666666,591.6666666666666,34415,2024_08_23,Escherichia coli K12 MG1655,WT,pBR322 PleuWT.1minRBS mRaspberry-SalOpt lacO1.1 lacO1.2,PleuWT.1minRBS mRaspberry,pTORC64,11,Ampicillin,844.4338725023787,49117.50713606089
A10,PRT14_6,0.7146666666666667,0.5766666666666667,508.66666666666663,36966,2024_08_23,Escherichia coli K12 MG1655,WT,pBR322 PleuWT.1minRBS mRaspberry-SalOpt lacO1.1 lacO1.2,PleuWT.1minRBS mRaspberry,pTORC64,12,Ampicillin,711.7537313432836,51724.81343283582
A11,PRT14_6,0.6666666666666666,0.5466666666666666,14730.666666666666,68,2024_08_23,Escherichia coli K12 MG1655,WT,pBR322 PleuWT.1 mhYFP-SalOpt lacO1.1 lacO1.2,PleuWT.1 mhYFP,pTORC65,11,Ampicillin,22096,102
A12,PRT14_6,0.6466666666666666,0.5436666666666666,13764.666666666666,63,2024_08_23,Escherichia coli K12 MG1655,WT,pBR322 PleuWT.1 mhYFP-SalOpt lacO1.1 lacO1.2,PleuWT.1 mhYFP,pTORC65,12,Ampicillin,21285.56701030928,97.42268041237114
B1,PRT14_6,0.6546666666666666,0.5436666666666666,888.6666666666666,44,2024_08_23,Escherichia coli K12 MG1655,ΔtopA::cat,pBR322,None,pTORC1,11,Ampicillin,1357.4338085539716,67.20977596741345
B2,PRT14_6,0.7086666666666667,0.5836666666666667,773.6666666666666,36,2024_08_23,Escherichia coli K12 MG1655,ΔtopA::cat,pBR322,None,pTORC1,12,Ampicillin,1091.721542803387,50.79962370649106
B3,PRT14_6,0.6176666666666666,0.5116666666666666,6680.666666666667,34,2024_08_23,Escherichia coli K12 MG1655,ΔtopA::cat,pBR322 PleuWT.1min mhYFP-SalOpt lacO1.1 lacO1.2,PleuWT.1min mhYFP,pTORC49,11,Ampicillin,10815.974096060443,55.045871559633035
B4,PRT14_6,0.6116666666666666,0.5156666666666666,6622.666666666667,30,2024_08_23,Escherichia coli K12 MG1655,ΔtopA::cat,pBR322 PleuWT.1min mhYFP-SalOpt lacO1.1 lacO1.2,PleuWT.1min mhYFP,pTORC49,12,Ampicillin,10827.247956403273,49.04632152588557
B5,PRT14_6,0.6716666666666666,0.5676666666666667,44419.666666666664,44,2024_08_23,Escherichia coli K12 MG1655,ΔtopA::cat,pBR322 PleuWT.1minRBS mhYFP-SalOpt lacO1.1 lacO1.2,PleuWT.1minRBS mhYFP,pTORC50,11,Ampicillin,66133.4987593052,65.50868486352357
B6,PRT14_6,0.6466666666666666,0.5386666666666666,45979.666666666664,37,2024_08_23,Escherichia coli K12 MG1655,ΔtopA::cat,pBR322 PleuWT.1minRBS mhYFP-SalOpt lacO1.1 lacO1.2,PleuWT.1minRBS mhYFP,pTORC50,12,Ampicillin,71102.57731958762,57.21649484536083
B7,PRT14_6,0.6696666666666666,0.5626666666666666,881.6666666666666,4052,2024_08_23,Escherichia coli K12 MG1655,ΔtopA::cat,pBR322 PleuWT.1min mRaspberry-SalOpt lacO1.1 lacO1.2,PleuWT.1min mRaspberry,pTORC63,11,Ampicillin,1316.5754106520658,6050.771528123445
B8,PRT14_6,0.6966666666666667,0.5906666666666667,748.6666666666666,3781,2024_08_23,Escherichia coli K12 MG1655,ΔtopA::cat,pBR322 PleuWT.1min mRaspberry-SalOpt lacO1.1 lacO1.2,PleuWT.1min mRaspberry,pTORC63,12,Ampicillin,1074.641148325359,5427.272727272727
B9,PRT14_6,0.7856666666666666,0.6696666666666666,1167.6666666666663,21440,2024_08_23,Escherichia coli K12 MG1655,ΔtopA::cat,pBR322 PleuWT.1minRBS mRaspberry-SalOpt lacO1.1 lacO1.2,PleuWT.1minRBS mRaspberry,pTORC64,11,Ampicillin,1486.2112855324565,27288.92660161222
B10,PRT14_6,0.7296666666666666,0.6166666666666666,927.6666666666666,21980,2024_08_23,Escherichia coli K12 MG1655,ΔtopA::cat,pBR322 PleuWT.1minRBS mRaspberry-SalOpt lacO1.1 lacO1.2,PleuWT.1minRBS mRaspberry,pTORC64,12,Ampicillin,1271.356783919598,30123.34399269073
B11,PRT14_6,0.6986666666666667,0.5906666666666667,11021.666666666666,56,2024_08_23,Escherichia coli K12 MG1655,ΔtopA::cat,pBR322 PleuWT.1 mhYFP-SalOpt lacO1.1 lacO1.2,PleuWT.1 mhYFP,pTORC65,11,Ampicillin,15775.286259541985,80.1526717557252
B12,PRT14_6,0.6546666666666666,0.5446666666666666,11239.666666666666,55,2024_08_23,Escherichia coli K12 MG1655,ΔtopA::cat,pBR322 PleuWT.1 mhYFP-SalOpt lacO1.1 lacO1.2,PleuWT.1 mhYFP,pTORC65,12,Ampicillin,17168.533604887984,84.01221995926682
C1,PRT14_6,0.7656666666666666,0.6536666666666666,1287.6666666666663,46,2024_08_23,Escherichia coli K12 MG1655,ΔlacIZYA::FRT ΔtopA::cat,pBR322,None,pTORC1,11,Ampicillin,1681.7588158467563,60.07836308228124
C2,PRT14_6,0.7606666666666666,0.6506666666666666,1200.6666666666663,43,2024_08_23,Escherichia coli K12 MG1655,ΔlacIZYA::FRT ΔtopA::cat,pBR322,None,pTORC1,12,Ampicillin,1578.4399649430325,56.52936021034181
C3,PRT14_6,0.7386666666666666,0.6166666666666666,13881.666666666666,41,2024_08_23,Escherichia coli K12 MG1655,ΔlacIZYA::FRT ΔtopA::cat,pBR322 PleuWT.1min mhYFP-SalOpt lacO1.1 lacO1.2,PleuWT.1min mhYFP,pTORC49,11,Ampicillin,18792.870036101085,55.50541516245488
C4,PRT14_6,0.7796666666666666,0.6726666666666666,14218.666666666666,31,2024_08_23,Escherichia coli K12 MG1655,ΔlacIZYA::FRT ΔtopA::cat,pBR322 PleuWT.1min mhYFP-SalOpt lacO1.1 lacO1.2,PleuWT.1min mhYFP,pTORC49,12,Ampicillin,18236.8533561351,39.760581445061995
C5,PRT14_6,0.8106666666666666,0.6916666666666667,72913.66666666667,37,2024_08_23,Escherichia coli K12 MG1655,ΔlacIZYA::FRT ΔtopA::cat,pBR322 PleuWT.1minRBS mhYFP-SalOpt lacO1.1 lacO1.2,PleuWT.1minRBS mhYFP,pTORC50,11,Ampicillin,89942.84539473685,45.641447368421055
C6,PRT14_6,0.7766666666666666,0.6716666666666666,66923.66666666667,21,2024_08_23,Escherichia coli K12 MG1655,ΔlacIZYA::FRT ΔtopA::cat,pBR322 PleuWT.1minRBS mhYFP-SalOpt lacO1.1 lacO1.2,PleuWT.1minRBS mhYFP,pTORC50,12,Ampicillin,86167.8111587983,27.038626609442066
C7,PRT14_6,0.7216666666666667,0.6206666666666666,1434.6666666666663,3884,2024_08_23,Escherichia coli K12 MG1655,ΔlacIZYA::FRT ΔtopA::cat,pBR322 PleuWT.1min mRaspberry-SalOpt lacO1.1 lacO1.2,PleuWT.1min mRaspberry,pTORC63,11,Ampicillin,1987.9907621247112,5381.986143187067
C8,PRT14_6,0.6906666666666667,0.5926666666666667,1386.6666666666663,3941,2024_08_23,Escherichia coli K12 MG1655,ΔlacIZYA::FRT ΔtopA::cat,pBR322 PleuWT.1min mRaspberry-SalOpt lacO1.1 lacO1.2,PleuWT.1min mRaspberry,pTORC63,12,Ampicillin,2007.7220077220072,5706.081081081081
C9,PRT14_6,0.8776666666666666,0.7426666666666666,1180.6666666666663,36406,2024_08_23,Escherichia coli K12 MG1655,ΔlacIZYA::FRT ΔtopA::cat,pBR322 PleuWT.1minRBS mRaspberry-SalOpt lacO1.1 lacO1.2,PleuWT.1minRBS mRaspberry,pTORC64,11,Ampicillin,1345.23357387011,41480.44056209647
C10,PRT14_6,0.7436666666666666,0.6126666666666666,1063.6666666666663,34773,2024_08_23,Escherichia coli K12 MG1655,ΔlacIZYA::FRT ΔtopA::cat,pBR322 PleuWT.1minRBS mRaspberry-SalOpt lacO1.1 lacO1.2,PleuWT.1minRBS mRaspberry,pTORC64,12,Ampicillin,1430.3003137606454,46758.85253249665
C11,PRT14_6,0.7296666666666666,0.6216666666666666,10412.666666666666,33,2024_08_23,Escherichia coli K12 MG1655,ΔlacIZYA::FRT ΔtopA::cat,pBR322 PleuWT.1 mhYFP-SalOpt lacO1.1 lacO1.2,PleuWT.1 mhYFP,pTORC65,11,Ampicillin,14270.443124714482,45.22613065326634
C12,PRT14_6,0.6786666666666666,0.5726666666666667,11657.666666666666,34,2024_08_23,Escherichia coli K12 MG1655,ΔlacIZYA::FRT ΔtopA::cat,pBR322 PleuWT.1 mhYFP-SalOpt lacO1.1 lacO1.2,PleuWT.1 mhYFP,pTORC65,12,Ampicillin,17177.308447937132,50.09823182711199
D1,PRT14_6,0.7236666666666667,0.5886666666666667,599.6666666666666,30,2024_08_23,Salmonella enterica Typhimurium SL1344,WT,pBR322,None,pTORC1,11,Ampicillin,828.6503915246429,41.45555043758637
D2,PRT14_6,0.5716666666666667,0.45066666666666666,532.6666666666666,38,2024_08_23,Salmonella enterica Typhimurium SL1344,WT,pBR322,None,pTORC1,12,Ampicillin,931.7784256559768,66.47230320699708
D3,PRT14_6,0.5506666666666666,0.43066666666666664,12379.666666666666,34,2024_08_23,Salmonella enterica Typhimurium SL1344,WT,pBR322 PleuWT.1min mhYFP-SalOpt lacO1.1 lacO1.2,PleuWT.1min mhYFP,pTORC49,11,Ampicillin,22481.234866828087,61.743341404358354
D4,PRT14_6,0.5816666666666667,0.4636666666666666,12235.666666666666,28,2024_08_23,Salmonella enterica Typhimurium SL1344,WT,pBR322 PleuWT.1min mhYFP-SalOpt lacO1.1 lacO1.2,PleuWT.1min mhYFP,pTORC49,12,Ampicillin,21035.530085959883,48.137535816618914
D5,PRT14_6,0.8016666666666666,0.6736666666666666,68470.66666666667,41,2024_08_23,Salmonella enterica Typhimurium SL1344,WT,pBR322 PleuWT.1minRBS mhYFP-SalOpt lacO1.1 lacO1.2,PleuWT.1minRBS mhYFP,pTORC50,11,Ampicillin,85410.39501039502,51.143451143451145
D6,PRT14_6,0.6286666666666666,0.5066666666666666,65256.666666666664,33,2024_08_23,Salmonella enterica Typhimurium SL1344,WT,pBR322 PleuWT.1minRBS mhYFP-SalOpt lacO1.1 lacO1.2,PleuWT.1minRBS mhYFP,pTORC50,12,Ampicillin,103801.6967126193,52.49204665959704
D7,PRT14_6,0.5616666666666666,0.44066666666666665,580.6666666666666,4695,2024_08_23,Salmonella enterica Typhimurium SL1344,WT,pBR322 PleuWT.1min mRaspberry-SalOpt lacO1.1 lacO1.2,PleuWT.1min mRaspberry,pTORC63,11,Ampicillin,1033.8278931750742,8359.050445103858
D8,PRT14_6,0.5696666666666667,0.44866666666666666,559.6666666666666,4777,2024_08_23,Salmonella enterica Typhimurium SL1344,WT,pBR322 PleuWT.1min mRaspberry-SalOpt lacO1.1 lacO1.2,PleuWT.1min mRaspberry,pTORC63,12,Ampicillin,982.4458747805734,8385.60561732007
D9,PRT14_6,0.7506666666666666,0.6186666666666666,626.6666666666666,20595,2024_08_23,Salmonella enterica Typhimurium SL1344,WT,pBR322 PleuWT.1minRBS mRaspberry-SalOpt lacO1.1 lacO1.2,PleuWT.1minRBS mRaspberry,pTORC64,11,Ampicillin,834.8134991119006,27435.61278863233
D10,PRT14_6,0.5806666666666667,0.45066666666666666,544.6666666666666,19711,2024_08_23,Salmonella enterica Typhimurium SL1344,WT,pBR322 PleuWT.1minRBS mRaspberry-SalOpt lacO1.1 lacO1.2,PleuWT.1minRBS mRaspberry,pTORC64,12,Ampicillin,938.0022962112514,33945.464982778416
D11,PRT14_6,0.7006666666666667,0.5696666666666667,12224.666666666666,60,2024_08_23,Salmonella enterica Typhimurium SL1344,WT,pBR322 PleuWT.1 mhYFP-SalOpt lacO1.1 lacO1.2,PleuWT.1 mhYFP,pTORC65,11,Ampicillin,17447.19314938154,85.63273073263558
D12,PRT14_6,0.6066666666666666,0.4796666666666667,12039.666666666666,46,2024_08_23,Salmonella enterica Typhimurium SL1344,WT,pBR322 PleuWT.1 mhYFP-SalOpt lacO1.1 lacO1.2,PleuWT.1 mhYFP,pTORC65,12,Ampicillin,19845.6043956044,75.82417582417584
E1,PRT14_6,0.6706666666666666,0.5546666666666666,475.66666666666663,30,2024_08_23,Salmonella enterica Typhimurium SL1344,ΔtopA::cat,pBR322,None,pTORC1,11,Ampicillin,709.2445328031808,44.73161033797217
E2,PRT14_6,0.6616666666666666,0.5496666666666666,589.6666666666666,29,2024_08_23,Salmonella enterica Typhimurium SL1344,ΔtopA::cat,pBR322,None,pTORC1,12,Ampicillin,891.183879093199,43.8287153652393
E3,PRT14_6,0.6876666666666666,0.5636666666666666,20275.666666666668,30,2024_08_23,Salmonella enterica Typhimurium SL1344,ΔtopA::cat,pBR322 PleuWT.1min mhYFP-SalOpt lacO1.1 lacO1.2,PleuWT.1min mhYFP,pTORC49,11,Ampicillin,29484.73097430926,43.62578768783325
E4,PRT14_6,0.6976666666666667,0.5676666666666667,20324.666666666668,53,2024_08_23,Salmonella enterica Typhimurium SL1344,ΔtopA::cat,pBR322 PleuWT.1min mhYFP-SalOpt lacO1.1 lacO1.2,PleuWT.1min mhYFP,pTORC49,12,Ampicillin,29132.345914954614,75.96751075011944
E5,PRT14_6,0.7196666666666667,0.6116666666666666,79543.66666666667,26,2024_08_23,Salmonella enterica Typhimurium SL1344,ΔtopA::cat,pBR322 PleuWT.1minRBS mhYFP-SalOpt lacO1.1 lacO1.2,PleuWT.1minRBS mhYFP,pTORC50,11,Ampicillin,110528.485409912,36.12783696155628
E6,PRT14_6,0.6206666666666666,0.5206666666666666,82513.66666666667,18,2024_08_23,Salmonella enterica Typhimurium SL1344,ΔtopA::cat,pBR322 PleuWT.1minRBS mhYFP-SalOpt lacO1.1 lacO1.2,PleuWT.1minRBS mhYFP,pTORC50,12,Ampicillin,132943.60902255643,29.00107411385607
E7,PRT14_6,0.7306666666666666,0.6176666666666666,530.6666666666666,10538,2024_08_23,Salmonella enterica Typhimurium SL1344,ΔtopA::cat,pBR322 PleuWT.1min mRaspberry-SalOpt lacO1.1 lacO1.2,PleuWT.1min mRaspberry,pTORC63,11,Ampicillin,726.2773722627737,14422.445255474457
E8,PRT14_6,0.6816666666666666,0.5676666666666667,628.6666666666666,9242,2024_08_23,Salmonella enterica Typhimurium SL1344,ΔtopA::cat,pBR322 PleuWT.1min mRaspberry-SalOpt lacO1.1 lacO1.2,PleuWT.1min mRaspberry,pTORC63,12,Ampicillin,922.2493887530562,13557.946210268949
E9,PRT14_6,0.6956666666666667,0.5786666666666667,456.66666666666663,22772,2024_08_23,Salmonella enterica Typhimurium SL1344,ΔtopA::cat,pBR322 PleuWT.1minRBS mRaspberry-SalOpt lacO1.1 lacO1.2,PleuWT.1minRBS mRaspberry,pTORC64,11,Ampicillin,656.4446574029707,32734.068040249163
E10,PRT14_6,0.6806666666666666,0.5636666666666666,595.6666666666666,22289,2024_08_23,Salmonella enterica Typhimurium SL1344,ΔtopA::cat,pBR322 PleuWT.1minRBS mRaspberry-SalOpt lacO1.1 lacO1.2,PleuWT.1minRBS mRaspberry,pTORC64,12,Ampicillin,875.1224289911851,32745.83741429971
E11,PRT14_6,0.7106666666666667,0.6026666666666667,21661.666666666668,40,2024_08_23,Salmonella enterica Typhimurium SL1344,ΔtopA::cat,pBR322 PleuWT.1 mhYFP-SalOpt lacO1.1 lacO1.2,PleuWT.1 mhYFP,pTORC65,11,Ampicillin,30480.76923076923,56.28517823639775
E12,PRT14_6,0.7096666666666667,0.5996666666666667,22511.666666666668,44,2024_08_23,Salmonella enterica Typhimurium SL1344,ΔtopA::cat,pBR322 PleuWT.1 mhYFP-SalOpt lacO1.1 lacO1.2,PleuWT.1 mhYFP,pTORC65,12,Ampicillin,31721.46547674965,62.000939408172854
F1,PRT14_6,0.6686666666666666,0.5556666666666666,514.6666666666666,46,2024_08_23,Salmonella enterica Typhimurium SL1344,ΔSL1483::lacIMG1655-FRT ΔtopA::cat,pBR322,None,pTORC1,11,Ampicillin,769.690927218345,68.79361914257228
F2,PRT14_6,0.6946666666666667,0.5816666666666667,574.6666666666666,46,2024_08_23,Salmonella enterica Typhimurium SL1344,ΔSL1483::lacIMG1655-FRT ΔtopA::cat,pBR322,None,pTORC1,12,Ampicillin,827.2552783109404,66.21880998080614
F3,PRT14_6,0.6856666666666666,0.5756666666666667,14808.666666666666,50,2024_08_23,Salmonella enterica Typhimurium SL1344,ΔSL1483::lacIMG1655-FRT ΔtopA::cat,pBR322 PleuWT.1min mhYFP-SalOpt lacO1.1 lacO1.2,PleuWT.1min mhYFP,pTORC49,11,Ampicillin,21597.472046669907,72.92173067574137
F4,PRT14_6,0.7556666666666666,0.6536666666666666,15048.666666666666,57,2024_08_23,Salmonella enterica Typhimurium SL1344,ΔSL1483::lacIMG1655-FRT ΔtopA::cat,pBR322 PleuWT.1min mhYFP-SalOpt lacO1.1 lacO1.2,PleuWT.1min mhYFP,pTORC49,12,Ampicillin,19914.42434936039,75.43008381120424
F5,PRT14_6,0.7076666666666667,0.6006666666666667,46291.666666666664,42,2024_08_23,Salmonella enterica Typhimurium SL1344,ΔSL1483::lacIMG1655-FRT ΔtopA::cat,pBR322 PleuWT.1minRBS mhYFP-SalOpt lacO1.1 lacO1.2,PleuWT.1minRBS mhYFP,pTORC50,11,Ampicillin,65414.50777202072,59.34997644842205
F6,PRT14_6,0.7016666666666667,0.5906666666666667,50547.666666666664,45,2024_08_23,Salmonella enterica Typhimurium SL1344,ΔSL1483::lacIMG1655-FRT ΔtopA::cat,pBR322 PleuWT.1minRBS mhYFP-SalOpt lacO1.1 lacO1.2,PleuWT.1minRBS mhYFP,pTORC50,12,Ampicillin,72039.42992874108,64.13301662707839
F7,PRT14_6,0.6926666666666667,0.5806666666666667,552.6666666666666,6231,2024_08_23,Salmonella enterica Typhimurium SL1344,ΔSL1483::lacIMG1655-FRT ΔtopA::cat,pBR322 PleuWT.1min mRaspberry-SalOpt lacO1.1 lacO1.2,PleuWT.1min mRaspberry,pTORC63,11,Ampicillin,797.8825794032723,8995.668912415784
F8,PRT14_6,0.7196666666666667,0.6096666666666666,645.6666666666666,5028,2024_08_23,Salmonella enterica Typhimurium SL1344,ΔSL1483::lacIMG1655-FRT ΔtopA::cat,pBR322 PleuWT.1min mRaspberry-SalOpt lacO1.1 lacO1.2,PleuWT.1min mRaspberry,pTORC63,12,Ampicillin,897.1746178786475,6986.567855488652
F9,PRT14_6,0.6856666666666666,0.5696666666666667,485.66666666666663,16585,2024_08_23,Salmonella enterica Typhimurium SL1344,ΔSL1483::lacIMG1655-FRT ΔtopA::cat,pBR322 PleuWT.1minRBS mRaspberry-SalOpt lacO1.1 lacO1.2,PleuWT.1minRBS mRaspberry,pTORC64,11,Ampicillin,708.3130772970345,24188.138065143412
F10,PRT14_6,0.6926666666666667,0.5726666666666667,512.6666666666666,16305,2024_08_23,Salmonella enterica Typhimurium SL1344,ΔSL1483::lacIMG1655-FRT ΔtopA::cat,pBR322 PleuWT.1minRBS mRaspberry-SalOpt lacO1.1 lacO1.2,PleuWT.1minRBS mRaspberry,pTORC64,12,Ampicillin,740.1347449470644,23539.461020211744
F11,PRT14_6,0.7036666666666667,0.5946666666666667,23916.666666666668,41,2024_08_23,Salmonella enterica Typhimurium SL1344,ΔSL1483::lacIMG1655-FRT ΔtopA::cat,pBR322 PleuWT.1 mhYFP-SalOpt lacO1.1 lacO1.2,PleuWT.1 mhYFP,pTORC65,11,Ampicillin,33988.630980577924,58.266224538133585
F12,PRT14_6,0.6976666666666667,0.5846666666666667,22540.666666666668,48,2024_08_23,Salmonella enterica Typhimurium SL1344,ΔSL1483::lacIMG1655-FRT ΔtopA::cat,pBR322 PleuWT.1 mhYFP-SalOpt lacO1.1 lacO1.2,PleuWT.1 mhYFP,pTORC65,12,Ampicillin,32308.647873865262,68.80076445293837
